,date,rank,title
0,2022-07-31,1,그때 그 순간 그대로 (그그그)
1,2022-07-31,2,SNEAKERS
2,2022-07-31,3,보고싶었어
3,2022-07-31,4,Somebody!
4,2022-07-31,5,LOVE DIVE
5,2022-07-31,6,도깨비불 (Illusion)
6,2022-07-31,7,I Ain't Worried
7,2022-07-31,8,POP!
8,2022-07-31,9,그라데이션
9,2022-07-31,10,Girls
10,2022-07-31,11,정이라고 하자 (Feat. 10CM)
11,2022-07-31,12,TOMBOY
12,2022-07-31,13,Sparkling
13,2022-07-31,14,열이올라요 (Heart Burn)
14,2022-07-31,15,FEARLESS
15,2022-07-31,16,사랑이야
16,2022-07-31,17,괴짜 (Freak)
17,2022-07-31,18,나의 X에게
18,2022-07-31,19,I LOVE U
19,2022-07-31,20,That That (prod. & feat. SUGA of BTS)
20,2022-07-31,21,너의 잠을 채워줄게
21,2022-07-31,22,Love story
22,2022-07-31,23,BEAUTIFUL MONSTER
23,2022-07-31,24,사랑인가 봐
24,2022-07-31,25,Left and Right (Feat. Jung Kook of BTS)
25,2022-07-31,26,Clink Clink (클링 클링)
26,2022-07-31,27,ELEVEN
27,2022-07-31,28,바보에게 바보가 (웹툰 '연애의 발견' X 이석훈)
28,2022-07-31,29,LOVE me
29,2022-07-31,30,That's Hilarious
30,2022-07-31,31,팡파레
31,2022-07-31,32,Feel My Rhythm
32,2022-07-31,33,Stay This Way
33,2022-07-31,34,_WORLD
34,2022-07-31,35,신호등
35,2022-07-31,36,MY BAG
36,2022-07-31,37,Next Level
37,2022-07-31,38,봄여름가을겨울 (Still Life)
38,2022-07-31,39,STAY
39,2022-07-31,40,새벽에 걸려온 너의 전화는
40,2022-07-31,41,다정히 내 이름을 부르면
41,2022-07-31,42,늦은 밤 헤어지긴 너무 아쉬워
42,2022-07-31,43,내가 아니라도
43,2022-07-31,44,취중고백
44,2022-07-31,45,INVU
45,2022-07-31,46,Weekend
46,2022-07-31,47,드라마
47,2022-07-31,48,봄 to 러브
48,2022-07-31,49,SEOUL DRIFT
49,2022-07-31,50,아무래도 난
50,2022-07-31,51,사랑은 늘 도망가
51,2022-07-31,52,없었던 일로
52,2022-07-31,53,숨결
53,2022-07-31,54,SMILEY (Feat. BIBI)
54,2022-07-31,55,Life′s Too Short (English Ver.)
55,2022-07-31,56,Dangerously
56,2022-07-31,57,듣고 싶을까
57,2022-07-31,58,strawberry moon
58,2022-07-31,59,어마어마해
59,2022-07-31,60,GANADARA (Feat. 아이유)
60,2022-07-31,61,상상 (Beyond My Dreams)
61,2022-07-31,62,Seoul
62,2022-07-31,63,Off My Face
63,2022-07-31,64,너의 모든 순간
64,2022-07-31,65,참고사항
65,2022-07-31,66,Dynamite
66,2022-07-31,67,Yet To Come
67,2022-07-31,68,Drive
68,2022-07-31,69,마지막 너의 인사
69,2022-07-31,70,Celebrity
70,2022-07-31,71,"낭만교향곡 (Feat. CHANGMO, 박재범)"
71,2022-07-31,72,HOT
72,2022-07-31,73,하늘을 날다(Hot Air Balloon)
73,2022-07-31,74,Light Switch
74,2022-07-31,75,너를 생각해
75,2022-07-31,76,감동이야 (feat. 성시경)
76,2022-07-31,77,우리들의 블루스
77,2022-07-31,78,"모든 날, 모든 순간 (Every day, Every Moment)"
78,2022-07-31,79,러브 쉿!
79,2022-07-31,80,안하기가 쉽지 않아요
80,2022-07-31,81,Happy Song
81,2022-07-31,82,"회전목마 (Feat. Zion.T, 원슈타인) (Prod. Slom)"
82,2022-07-31,83,라일락
83,2022-07-31,84,Butter
84,2022-07-31,85,Kiss
85,2022-07-31,86,Out of Time
86,2022-07-31,87,이러면 안 될 거 아는데 너 앞에만 서면 나락 (Feat. 10CM)
87,2022-07-31,88,One More Time
88,2022-07-31,89,Guerrilla
89,2022-07-31,90,Blueming
90,2022-07-31,91,나빌레라
91,2022-07-31,92,말리지 마
92,2022-07-31,93,ZOOM
93,2022-07-31,94,Vancouver
94,2022-07-31,95,RUN2U
95,2022-07-31,96,내 기쁨은 너가 벤틀리를 끄는 거야
96,2022-07-31,97,I Like You (A Happier Song) (feat. Doja Cat)
97,2022-07-31,98,Bad Habits
98,2022-07-31,99,바라만 본다
99,2022-07-31,100,Summer (Feat. BE’O (비오))
100,2022-08-01,1,Attention
101,2022-08-01,2,Hype Boy
102,2022-08-01,3,그때 그 순간 그대로 (그그그)
103,2022-08-01,4,SNEAKERS
104,2022-08-01,5,보고싶었어
105,2022-08-01,6,LOVE DIVE
106,2022-08-01,7,Somebody!
107,2022-08-01,8,Cookie
108,2022-08-01,9,Hurt
109,2022-08-01,10,I Ain't Worried
110,2022-08-01,11,도깨비불 (Illusion)
111,2022-08-01,12,Girls
112,2022-08-01,13,POP!
113,2022-08-01,14,그라데이션
114,2022-08-01,15,Sparkling
115,2022-08-01,16,괴짜 (Freak)
116,2022-08-01,17,사랑이야
117,2022-08-01,18,열이올라요 (Heart Burn)
118,2022-08-01,19,BEAUTIFUL MONSTER
119,2022-08-01,20,TOMBOY
120,2022-08-01,21,FEARLESS
121,2022-08-01,22,I LOVE U
122,2022-08-01,23,정이라고 하자 (Feat. 10CM)
123,2022-08-01,24,너의 잠을 채워줄게
124,2022-08-01,25,사랑인가 봐
125,2022-08-01,26,나의 X에게
126,2022-08-01,27,That That (prod. & feat. SUGA of BTS)
127,2022-08-01,28,바보에게 바보가 (웹툰 '연애의 발견' X 이석훈)
128,2022-08-01,29,ELEVEN
129,2022-08-01,30,Clink Clink (클링 클링)
130,2022-08-01,31,Love story
131,2022-08-01,32,_WORLD
132,2022-08-01,33,That's Hilarious
133,2022-08-01,34,Left and Right (Feat. Jung Kook of BTS)
134,2022-08-01,35,LOVE me
135,2022-08-01,36,상상 (Beyond My Dreams)
136,2022-08-01,37,새벽에 걸려온 너의 전화는
137,2022-08-01,38,팡파레
138,2022-08-01,39,Stay This Way
139,2022-08-01,40,봄여름가을겨울 (Still Life)
140,2022-08-01,41,신호등
141,2022-08-01,42,Feel My Rhythm
142,2022-08-01,43,MY BAG
143,2022-08-01,44,내가 아니라도
144,2022-08-01,45,Weekend
145,2022-08-01,46,Next Level
146,2022-08-01,47,없었던 일로
147,2022-08-01,48,다정히 내 이름을 부르면
148,2022-08-01,49,취중고백
149,2022-08-01,50,STAY
150,2022-08-01,51,Dangerously
151,2022-08-01,52,드라마
152,2022-08-01,53,INVU
153,2022-08-01,54,SEOUL DRIFT
154,2022-08-01,55,이러면 안 될 거 아는데 너 앞에만 서면 나락 (Feat. 10CM)
155,2022-08-01,56,너의 모든 순간
156,2022-08-01,57,늦은 밤 헤어지긴 너무 아쉬워
157,2022-08-01,58,듣고 싶을까
158,2022-08-01,59,strawberry moon
159,2022-08-01,60,안하기가 쉽지 않아요
160,2022-08-01,61,Life′s Too Short (English Ver.)
161,2022-08-01,62,GANADARA (Feat. 아이유)
162,2022-08-01,63,봄 to 러브
163,2022-08-01,64,아무래도 난
164,2022-08-01,65,SMILEY (Feat. BIBI)
165,2022-08-01,66,마지막 너의 인사
166,2022-08-01,67,어마어마해
167,2022-08-01,68,Seoul
168,2022-08-01,69,우리들의 블루스
169,2022-08-01,70,참고사항
170,2022-08-01,71,HOT
171,2022-08-01,72,Yet To Come
172,2022-08-01,73,사랑은 늘 도망가
173,2022-08-01,74,Drive
174,2022-08-01,75,감동이야 (feat. 성시경)
175,2022-08-01,76,숨결
176,2022-08-01,77,Off My Face
177,2022-08-01,78,러브 쉿!
178,2022-08-01,79,Dynamite
179,2022-08-01,80,라일락
180,2022-08-01,81,Light Switch
181,2022-08-01,82,One More Time
182,2022-08-01,83,너를 생각해
183,2022-08-01,84,Happy Song
184,2022-08-01,85,"모든 날, 모든 순간 (Every day, Every Moment)"
185,2022-08-01,86,Celebrity
186,2022-08-01,87,"낭만교향곡 (Feat. CHANGMO, 박재범)"
187,2022-08-01,88,그대를 그리다
188,2022-08-01,89,Kiss
189,2022-08-01,90,기울이면
190,2022-08-01,91,Butter
191,2022-08-01,92,말리지 마
192,2022-08-01,93,Blueming
193,2022-08-01,94,하늘을 날다(Hot Air Balloon)
194,2022-08-01,95,"회전목마 (Feat. Zion.T, 원슈타인) (Prod. Slom)"
195,2022-08-01,96,내 기쁨은 너가 벤틀리를 끄는 거야
196,2022-08-01,97,나빌레라
197,2022-08-01,98,Copycat
198,2022-08-01,99,Guerrilla
199,2022-08-01,100,ZOOM
200,2022-08-02,1,Attention
201,2022-08-02,2,Hype Boy
202,2022-08-02,3,빠져들어
203,2022-08-02,4,그때 그 순간 그대로 (그그그)
204,2022-08-02,5,SNEAKERS
205,2022-08-02,6,보고싶었어
206,2022-08-02,7,LOVE DIVE
207,2022-08-02,8,Cookie
208,2022-08-02,9,Somebody!
209,2022-08-02,10,24시간
210,2022-08-02,11,도깨비불 (Illusion)
211,2022-08-02,12,Break (Song By 윤산하 Of 아스트로)
212,2022-08-02,13,POP!
213,2022-08-02,14,I Ain't Worried
214,2022-08-02,15,Girls
215,2022-08-02,16,Hurt
216,2022-08-02,17,그라데이션
217,2022-08-02,18,정이라고 하자 (Feat. 10CM)
218,2022-08-02,19,열이올라요 (Heart Burn)
219,2022-08-02,20,FEARLESS
220,2022-08-02,21,TOMBOY
221,2022-08-02,22,Sparkling
222,2022-08-02,23,괴짜 (Freak)
223,2022-08-02,24,I LOVE U
224,2022-08-02,25,사랑이야
225,2022-08-02,26,사랑이 불어오나 봐
226,2022-08-02,27,BEAUTIFUL MONSTER
227,2022-08-02,28,나의 X에게
228,2022-08-02,29,That That (prod. & feat. SUGA of BTS)
229,2022-08-02,30,사랑인가 봐
230,2022-08-02,31,바보에게 바보가 (웹툰 '연애의 발견' X 이석훈)
231,2022-08-02,32,Love story
232,2022-08-02,33,ELEVEN
233,2022-08-02,34,Clink Clink (클링 클링)
234,2022-08-02,35,That's Hilarious
235,2022-08-02,36,Left and Right (Feat. Jung Kook of BTS)
236,2022-08-02,37,LOVE me
237,2022-08-02,38,너의 잠을 채워줄게
238,2022-08-02,39,팡파레
239,2022-08-02,40,없었던 일로
240,2022-08-02,41,Feel My Rhythm
241,2022-08-02,42,봄여름가을겨울 (Still Life)
242,2022-08-02,43,신호등
243,2022-08-02,44,내가 아니라도
244,2022-08-02,45,MY BAG
245,2022-08-02,46,니가 불어와 (Crazy Sexy Cool)
246,2022-08-02,47,_WORLD
247,2022-08-02,48,늦은 밤 헤어지긴 너무 아쉬워
248,2022-08-02,49,Next Level
249,2022-08-02,50,Stay This Way
250,2022-08-02,51,언어 영역
251,2022-08-02,52,INVU
252,2022-08-02,53,STAY
253,2022-08-02,54,발자국 (Footprint)
254,2022-08-02,55,Bad Idea
255,2022-08-02,56,상상 (Beyond My Dreams)
256,2022-08-02,57,다정히 내 이름을 부르면
257,2022-08-02,58,Weekend
258,2022-08-02,59,SMILEY (Feat. BIBI)
259,2022-08-02,60,취중고백
260,2022-08-02,61,새벽에 걸려온 너의 전화는
261,2022-08-02,62,Life′s Too Short (English Ver.)
262,2022-08-02,63,아무래도 난
263,2022-08-02,64,드라마
264,2022-08-02,65,HOT
265,2022-08-02,66,GANADARA (Feat. 아이유)
266,2022-08-02,67,너의 모든 순간
267,2022-08-02,68,SEOUL DRIFT
268,2022-08-02,69,strawberry moon
269,2022-08-02,70,사랑은 늘 도망가
270,2022-08-02,71,Dangerously
271,2022-08-02,72,Yet To Come
272,2022-08-02,73,봄 to 러브
273,2022-08-02,74,마지막 너의 인사
274,2022-08-02,75,듣고 싶을까
275,2022-08-02,76,우리들의 블루스
276,2022-08-02,77,Drive
277,2022-08-02,78,Seoul
278,2022-08-02,79,Off My Face
279,2022-08-02,80,참고사항
280,2022-08-02,81,Dynamite
281,2022-08-02,82,"모든 날, 모든 순간 (Every day, Every Moment)"
282,2022-08-02,83,사랑스런 너의 곁에
283,2022-08-02,84,어마어마해
284,2022-08-02,85,너를 생각해
285,2022-08-02,86,이러면 안 될 거 아는데 너 앞에만 서면 나락 (Feat. 10CM)
286,2022-08-02,87,감동이야 (feat. 성시경)
287,2022-08-02,88,러브 쉿!
288,2022-08-02,89,Light Switch
289,2022-08-02,90,Celebrity
290,2022-08-02,91,Happy Song
291,2022-08-02,92,라일락
292,2022-08-02,93,안하기가 쉽지 않아요
293,2022-08-02,94,내 기쁨은 너가 벤틀리를 끄는 거야
294,2022-08-02,95,"낭만교향곡 (Feat. CHANGMO, 박재범)"
295,2022-08-02,96,I Like You (A Happier Song) (feat. Doja Cat)
296,2022-08-02,97,Blueming
297,2022-08-02,98,One More Time
298,2022-08-02,99,"회전목마 (Feat. Zion.T, 원슈타인) (Prod. Slom)"
299,2022-08-02,100,말리지 마
300,2022-08-03,1,Attention
301,2022-08-03,2,Hype Boy
302,2022-08-03,3,그때 그 순간 그대로 (그그그)
303,2022-08-03,4,SNEAKERS
304,2022-08-03,5,보고싶었어
305,2022-08-03,6,LOVE DIVE
306,2022-08-03,7,SMARTPHONE
307,2022-08-03,8,도깨비불 (Illusion)
308,2022-08-03,9,Somebody!
309,2022-08-03,10,I Ain't Worried
310,2022-08-03,11,Cookie
311,2022-08-03,12,POP!
312,2022-08-03,13,그라데이션
313,2022-08-03,14,Girls
314,2022-08-03,15,Hurt
315,2022-08-03,16,열이올라요 (Heart Burn)
316,2022-08-03,17,TOMBOY
317,2022-08-03,18,I LOVE U
318,2022-08-03,19,Sparkling
319,2022-08-03,20,FEARLESS
320,2022-08-03,21,정이라고 하자 (Feat. 10CM)
321,2022-08-03,22,사랑이야
322,2022-08-03,23,괴짜 (Freak)
323,2022-08-03,24,사랑이 불어오나 봐
324,2022-08-03,25,나의 X에게
325,2022-08-03,26,나를 잊지 말아요 (웹툰 '연애의 발견' X 길구봉구)
326,2022-08-03,27,BEAUTIFUL MONSTER
327,2022-08-03,28,사랑인가 봐
328,2022-08-03,29,That That (prod. & feat. SUGA of BTS)
329,2022-08-03,30,Clink Clink (클링 클링)
330,2022-08-03,31,Love story
331,2022-08-03,32,ELEVEN
332,2022-08-03,33,That's Hilarious
333,2022-08-03,34,바보에게 바보가 (웹툰 '연애의 발견' X 이석훈)
334,2022-08-03,35,상상 (Beyond My Dreams)
335,2022-08-03,36,Left and Right (Feat. Jung Kook of BTS)
336,2022-08-03,37,신호등
337,2022-08-03,38,LOVE me
338,2022-08-03,39,팡파레
339,2022-08-03,40,Feel My Rhythm
340,2022-08-03,41,Stay This Way
341,2022-08-03,42,MY BAG
342,2022-08-03,43,Dangerously
343,2022-08-03,44,너의 잠을 채워줄게
344,2022-08-03,45,봄여름가을겨울 (Still Life)
345,2022-08-03,46,SEOUL DRIFT
346,2022-08-03,47,취중고백
347,2022-08-03,48,없었던 일로
348,2022-08-03,49,내가 아니라도
349,2022-08-03,50,_WORLD
350,2022-08-03,51,INVU
351,2022-08-03,52,STAY
352,2022-08-03,53,Weekend
353,2022-08-03,54,다정히 내 이름을 부르면
354,2022-08-03,55,늦은 밤 헤어지긴 너무 아쉬워
355,2022-08-03,56,SMILEY (Feat. BIBI)
356,2022-08-03,57,Life′s Too Short (English Ver.)
357,2022-08-03,58,Next Level
358,2022-08-03,59,아무래도 난
359,2022-08-03,60,드라마
360,2022-08-03,61,HOT
361,2022-08-03,62,새벽에 걸려온 너의 전화는
362,2022-08-03,63,안하기가 쉽지 않아요
363,2022-08-03,64,Yet To Come
364,2022-08-03,65,봄 to 러브
365,2022-08-03,66,사랑은 늘 도망가
366,2022-08-03,67,GANADARA (Feat. 아이유)
367,2022-08-03,68,strawberry moon
368,2022-08-03,69,너의 모든 순간
369,2022-08-03,70,Off My Face
370,2022-08-03,71,듣고 싶을까
371,2022-08-03,72,내 기쁨은 너가 벤틀리를 끄는 거야
372,2022-08-03,73,Dynamite
373,2022-08-03,74,참고사항
374,2022-08-03,75,Drive
375,2022-08-03,76,WithOrWithOut
376,2022-08-03,77,Seoul
377,2022-08-03,78,"모든 날, 모든 순간 (Every day, Every Moment)"
378,2022-08-03,79,어마어마해
379,2022-08-03,80,우리들의 블루스
380,2022-08-03,81,마지막 너의 인사
381,2022-08-03,82,Light Switch
382,2022-08-03,83,너를 생각해
383,2022-08-03,84,러브 쉿!
384,2022-08-03,85,이러면 안 될 거 아는데 너 앞에만 서면 나락 (Feat. 10CM)
385,2022-08-03,86,Happy Song
386,2022-08-03,87,Celebrity
387,2022-08-03,88,Lemon-Aid
388,2022-08-03,89,라일락
389,2022-08-03,90,"낭만교향곡 (Feat. CHANGMO, 박재범)"
390,2022-08-03,91,As It Was
391,2022-08-03,92,감동이야 (feat. 성시경)
392,2022-08-03,93,Make U Smile
393,2022-08-03,94,"회전목마 (Feat. Zion.T, 원슈타인) (Prod. Slom)"
394,2022-08-03,95,Blueming
395,2022-08-03,96,One More Time
396,2022-08-03,97,U
397,2022-08-03,98,Permission to Dance
398,2022-08-03,99,RUN2U
399,2022-08-03,100,말리지 마
400,2022-08-04,1,Attention
401,2022-08-04,2,Hype Boy
402,2022-08-04,3,SNEAKERS
403,2022-08-04,4,그때 그 순간 그대로 (그그그)
404,2022-08-04,5,LOVE DIVE
405,2022-08-04,6,보고싶었어
406,2022-08-04,7,Somebody!
407,2022-08-04,8,도깨비불 (Illusion)
408,2022-08-04,9,I Ain't Worried
409,2022-08-04,10,Cookie
410,2022-08-04,11,POP!
411,2022-08-04,12,Girls
412,2022-08-04,13,그라데이션
413,2022-08-04,14,Hurt
414,2022-08-04,15,SMARTPHONE
415,2022-08-04,16,FEARLESS
416,2022-08-04,17,TOMBOY
417,2022-08-04,18,Sparkling
418,2022-08-04,19,열이올라요 (Heart Burn)
419,2022-08-04,20,정이라고 하자 (Feat. 10CM)
420,2022-08-04,21,BEAUTIFUL MONSTER
421,2022-08-04,22,I LOVE U
422,2022-08-04,23,나의 X에게
423,2022-08-04,24,사랑이야
424,2022-08-04,25,Love story
425,2022-08-04,26,괴짜 (Freak)
426,2022-08-04,27,사랑인가 봐
427,2022-08-04,28,작별인사
428,2022-08-04,29,That That (prod. & feat. SUGA of BTS)
429,2022-08-04,30,Left and Right (Feat. Jung Kook of BTS)
430,2022-08-04,31,That's Hilarious
431,2022-08-04,32,Clink Clink (클링 클링)
432,2022-08-04,33,ELEVEN
433,2022-08-04,34,상상 (Beyond My Dreams)
434,2022-08-04,35,Feel My Rhythm
435,2022-08-04,36,LOVE me
436,2022-08-04,37,팡파레
437,2022-08-04,38,MY BAG
438,2022-08-04,39,Stay This Way
439,2022-08-04,40,바보에게 바보가 (웹툰 '연애의 발견' X 이석훈)
440,2022-08-04,41,봄여름가을겨울 (Still Life)
441,2022-08-04,42,Dangerously
442,2022-08-04,43,신호등
443,2022-08-04,44,늦은 밤 헤어지긴 너무 아쉬워
444,2022-08-04,45,SMILEY (Feat. BIBI)
445,2022-08-04,46,내가 아니라도
446,2022-08-04,47,STAY
447,2022-08-04,48,너의 모든 순간
448,2022-08-04,49,Next Level
449,2022-08-04,50,INVU
450,2022-08-04,51,취중고백
451,2022-08-04,52,Weekend
452,2022-08-04,53,_WORLD
453,2022-08-04,54,다정히 내 이름을 부르면
454,2022-08-04,55,드라마
455,2022-08-04,56,아무래도 난
456,2022-08-04,57,없었던 일로
457,2022-08-04,58,사랑이 불어오나 봐
458,2022-08-04,59,나를 잊지 말아요 (웹툰 '연애의 발견' X 길구봉구)
459,2022-08-04,60,너의 잠을 채워줄게
460,2022-08-04,61,SEOUL DRIFT
461,2022-08-04,62,GANADARA (Feat. 아이유)
462,2022-08-04,63,strawberry moon
463,2022-08-04,64,HOT
464,2022-08-04,65,봄 to 러브
465,2022-08-04,66,사랑은 늘 도망가
466,2022-08-04,67,Life′s Too Short (English Ver.)
467,2022-08-04,68,내 기쁨은 너가 벤틀리를 끄는 거야
468,2022-08-04,69,듣고 싶을까
469,2022-08-04,70,Off My Face
470,2022-08-04,71,Yet To Come
471,2022-08-04,72,마지막 너의 인사
472,2022-08-04,73,Light Switch
473,2022-08-04,74,안하기가 쉽지 않아요
474,2022-08-04,75,Celebrity
475,2022-08-04,76,Dynamite
476,2022-08-04,77,Drive
477,2022-08-04,78,우리들의 블루스
478,2022-08-04,79,Seoul
479,2022-08-04,80,새벽에 걸려온 너의 전화는
480,2022-08-04,81,"모든 날, 모든 순간 (Every day, Every Moment)"
481,2022-08-04,82,참고사항
482,2022-08-04,83,어린양
483,2022-08-04,84,러브 쉿!
484,2022-08-04,85,Happy Song
485,2022-08-04,86,라일락
486,2022-08-04,87,너를 생각해
487,2022-08-04,88,어마어마해
488,2022-08-04,89,이러면 안 될 거 아는데 너 앞에만 서면 나락 (Feat. 10CM)
489,2022-08-04,90,"낭만교향곡 (Feat. CHANGMO, 박재범)"
490,2022-08-04,91,Out of Time
491,2022-08-04,92,감동이야 (feat. 성시경)
492,2022-08-04,93,말리지 마
493,2022-08-04,94,As It Was
494,2022-08-04,95,"회전목마 (Feat. Zion.T, 원슈타인) (Prod. Slom)"
495,2022-08-04,96,Blueming
496,2022-08-04,97,Butter
497,2022-08-04,98,찢어졌다 붙었다 다시 (You Remix) (Prod. DOKO)
498,2022-08-04,99,One More Time
499,2022-08-04,100,RUN2U
500,2022-08-05,1,FOREVER 1
501,2022-08-05,2,Attention
502,2022-08-05,3,Hype Boy
503,2022-08-05,4,SNEAKERS
504,2022-08-05,5,Lucky Like That
505,2022-08-05,6,그때 그 순간 그대로 (그그그)
506,2022-08-05,7,LOVE DIVE
507,2022-08-05,8,보고싶었어
508,2022-08-05,9,Bad Decisions
509,2022-08-05,10,도깨비불 (Illusion)
510,2022-08-05,11,Seventeen
511,2022-08-05,12,Somebody!
512,2022-08-05,13,I Ain't Worried
513,2022-08-05,14,Closer
514,2022-08-05,15,Cookie
515,2022-08-05,16,POP!
516,2022-08-05,17,Villain
517,2022-08-05,18,Girls
518,2022-08-05,19,종이비행기 (Paper Plane)
519,2022-08-05,20,완벽한 장면 (Summer Night)
520,2022-08-05,21,그라데이션
521,2022-08-05,22,정이라고 하자 (Feat. 10CM)
522,2022-08-05,23,TOMBOY
523,2022-08-05,24,열이올라요 (Heart Burn)
524,2022-08-05,25,I LOVE U
525,2022-08-05,26,FEARLESS
526,2022-08-05,27,You Better Run
527,2022-08-05,28,Hurt
528,2022-08-05,29,Sparkling
529,2022-08-05,30,Freedom
530,2022-08-05,31,Left and Right (Feat. Jung Kook of BTS)
531,2022-08-05,32,Mood Lamp
532,2022-08-05,33,나의 X에게
533,2022-08-05,34,That That (prod. & feat. SUGA of BTS)
534,2022-08-05,35,괴짜 (Freak)
535,2022-08-05,36,사랑인가 봐
536,2022-08-05,37,BEAUTIFUL MONSTER
537,2022-08-05,38,사랑이야
538,2022-08-05,39,Still Sunset
539,2022-08-05,40,ELEVEN
540,2022-08-05,41,Love story
541,2022-08-05,42,That's Hilarious
542,2022-08-05,43,SMARTPHONE
543,2022-08-05,44,상상 (Beyond My Dreams)
544,2022-08-05,45,Clink Clink (클링 클링)
545,2022-08-05,46,Dangerously
546,2022-08-05,47,LOVE me
547,2022-08-05,48,팡파레
548,2022-08-05,49,MY BAG
549,2022-08-05,50,바보에게 바보가 (웹툰 '연애의 발견' X 이석훈)
550,2022-08-05,51,Feel My Rhythm
551,2022-08-05,52,신호등
552,2022-08-05,53,봄여름가을겨울 (Still Life)
553,2022-08-05,54,Stay This Way
554,2022-08-05,55,STAY
555,2022-08-05,56,너의 잠을 채워줄게
556,2022-08-05,57,_WORLD
557,2022-08-05,58,다정히 내 이름을 부르면
558,2022-08-05,59,내가 아니라도
559,2022-08-05,60,INVU
560,2022-08-05,61,Next Level
561,2022-08-05,62,취중고백
562,2022-08-05,63,없었던 일로
563,2022-08-05,64,드라마
564,2022-08-05,65,늦은 밤 헤어지긴 너무 아쉬워
565,2022-08-05,66,아무래도 난
566,2022-08-05,67,SMILEY (Feat. BIBI)
567,2022-08-05,68,Weekend
568,2022-08-05,69,GANADARA (Feat. 아이유)
569,2022-08-05,70,HOT
570,2022-08-05,71,사랑이 불어오나 봐
571,2022-08-05,72,사랑은 늘 도망가
572,2022-08-05,73,Yet To Come
573,2022-08-05,74,너의 모든 순간
574,2022-08-05,75,새벽에 걸려온 너의 전화는
575,2022-08-05,76,Dynamite
576,2022-08-05,77,strawberry moon
577,2022-08-05,78,작별인사
578,2022-08-05,79,Life′s Too Short (English Ver.)
579,2022-08-05,80,듣고 싶을까
580,2022-08-05,81,Light Switch
581,2022-08-05,82,SEOUL DRIFT
582,2022-08-05,83,Drive
583,2022-08-05,84,참고사항
584,2022-08-05,85,봄 to 러브
585,2022-08-05,86,나를 잊지 말아요 (웹툰 '연애의 발견' X 길구봉구)
586,2022-08-05,87,내 기쁨은 너가 벤틀리를 끄는 거야
587,2022-08-05,88,Off My Face
588,2022-08-05,89,Seoul
589,2022-08-05,90,"모든 날, 모든 순간 (Every day, Every Moment)"
590,2022-08-05,91,마지막 너의 인사
591,2022-08-05,92,어마어마해
592,2022-08-05,93,우리들의 블루스
593,2022-08-05,94,너를 생각해
594,2022-08-05,95,Celebrity
595,2022-08-05,96,러브 쉿!
596,2022-08-05,97,Stranger
597,2022-08-05,98,감동이야 (feat. 성시경)
598,2022-08-05,99,이러면 안 될 거 아는데 너 앞에만 서면 나락 (Feat. 10CM)
599,2022-08-05,100,Happy Song
600,2022-08-06,1,FOREVER 1
601,2022-08-06,2,Attention
602,2022-08-06,3,눈을 감으면
603,2022-08-06,4,Hype Boy
604,2022-08-06,5,SNEAKERS
605,2022-08-06,6,그때 그 순간 그대로 (그그그)
606,2022-08-06,7,LOVE DIVE
607,2022-08-06,8,Lucky Like That
608,2022-08-06,9,보고싶었어
609,2022-08-06,10,도깨비불 (Illusion)
610,2022-08-06,11,POP!
611,2022-08-06,12,I Ain't Worried
612,2022-08-06,13,Somebody!
613,2022-08-06,14,Cookie
614,2022-08-06,15,Bad Decisions
615,2022-08-06,16,Girls
616,2022-08-06,17,그라데이션
617,2022-08-06,18,Seventeen
618,2022-08-06,19,열이올라요 (Heart Burn)
619,2022-08-06,20,Closer
620,2022-08-06,21,TOMBOY
621,2022-08-06,22,정이라고 하자 (Feat. 10CM)
622,2022-08-06,23,Sparkling
623,2022-08-06,24,That That (prod. & feat. SUGA of BTS)
624,2022-08-06,25,FEARLESS
625,2022-08-06,26,I LOVE U
626,2022-08-06,27,나의 X에게
627,2022-08-06,28,Hurt
628,2022-08-06,29,사랑인가 봐
629,2022-08-06,30,BEAUTIFUL MONSTER
630,2022-08-06,31,괴짜 (Freak)
631,2022-08-06,32,Love story
632,2022-08-06,33,Villain
633,2022-08-06,34,That's Hilarious
634,2022-08-06,35,사랑이야
635,2022-08-06,36,완벽한 장면 (Summer Night)
636,2022-08-06,37,SMARTPHONE
637,2022-08-06,38,ELEVEN
638,2022-08-06,39,Left and Right (Feat. Jung Kook of BTS)
639,2022-08-06,40,종이비행기 (Paper Plane)
640,2022-08-06,41,Clink Clink (클링 클링)
641,2022-08-06,42,바보에게 바보가 (웹툰 '연애의 발견' X 이석훈)
642,2022-08-06,43,LOVE me
643,2022-08-06,44,Freedom
644,2022-08-06,45,상상 (Beyond My Dreams)
645,2022-08-06,46,Mood Lamp
646,2022-08-06,47,Feel My Rhythm
647,2022-08-06,48,You Better Run
648,2022-08-06,49,팡파레
649,2022-08-06,50,Dangerously
650,2022-08-06,51,신호등
651,2022-08-06,52,봄여름가을겨울 (Still Life)
652,2022-08-06,53,내가 아니라도
653,2022-08-06,54,STAY
654,2022-08-06,55,MY BAG
655,2022-08-06,56,SMILEY (Feat. BIBI)
656,2022-08-06,57,취중고백
657,2022-08-06,58,Stay This Way
658,2022-08-06,59,INVU
659,2022-08-06,60,듣고 싶을까
660,2022-08-06,61,_WORLD
661,2022-08-06,62,다정히 내 이름을 부르면
662,2022-08-06,63,Weekend
663,2022-08-06,64,Next Level
664,2022-08-06,65,사랑은 늘 도망가
665,2022-08-06,66,아무래도 난
666,2022-08-06,67,드라마
667,2022-08-06,68,Still Sunset
668,2022-08-06,69,너의 모든 순간
669,2022-08-06,70,늦은 밤 헤어지긴 너무 아쉬워
670,2022-08-06,71,Life′s Too Short (English Ver.)
671,2022-08-06,72,Yet To Come
672,2022-08-06,73,HOT
673,2022-08-06,74,봄 to 러브
674,2022-08-06,75,strawberry moon
675,2022-08-06,76,GANADARA (Feat. 아이유)
676,2022-08-06,77,Light Switch
677,2022-08-06,78,우리들의 블루스
678,2022-08-06,79,새벽에 걸려온 너의 전화는
679,2022-08-06,80,Off My Face
680,2022-08-06,81,내 기쁨은 너가 벤틀리를 끄는 거야
681,2022-08-06,82,참고사항
682,2022-08-06,83,Dynamite
683,2022-08-06,84,Seoul
684,2022-08-06,85,없었던 일로
685,2022-08-06,86,Drive
686,2022-08-06,87,너의 잠을 채워줄게
687,2022-08-06,88,너를 생각해
688,2022-08-06,89,"모든 날, 모든 순간 (Every day, Every Moment)"
689,2022-08-06,90,Celebrity
690,2022-08-06,91,어마어마해
691,2022-08-06,92,SEOUL DRIFT
692,2022-08-06,93,감동이야 (feat. 성시경)
693,2022-08-06,94,마지막 너의 인사
694,2022-08-06,95,사랑이 불어오나 봐
695,2022-08-06,96,Happy Song
696,2022-08-06,97,러브 쉿!
697,2022-08-06,98,Blueming
698,2022-08-06,99,As It Was
699,2022-08-06,100,"회전목마 (Feat. Zion.T, 원슈타인) (Prod. Slom)"
700,2022-08-07,1,Attention
701,2022-08-07,2,FOREVER 1
702,2022-08-07,3,Hype Boy
703,2022-08-07,4,눈을 감으면
704,2022-08-07,5,SNEAKERS
705,2022-08-07,6,그때 그 순간 그대로 (그그그)
706,2022-08-07,7,LOVE DIVE
707,2022-08-07,8,보고싶었어
708,2022-08-07,9,I Ain't Worried
709,2022-08-07,10,도깨비불 (Illusion)
710,2022-08-07,11,Cookie
711,2022-08-07,12,POP!
712,2022-08-07,13,Somebody!
713,2022-08-07,14,그라데이션
714,2022-08-07,15,Lucky Like That
715,2022-08-07,16,Girls
716,2022-08-07,17,TOMBOY
717,2022-08-07,18,Sparkling
718,2022-08-07,19,BEAUTIFUL MONSTER
719,2022-08-07,20,Bad Decisions
720,2022-08-07,21,사랑이야
721,2022-08-07,22,FEARLESS
722,2022-08-07,23,I LOVE U
723,2022-08-07,24,Hurt
724,2022-08-07,25,정이라고 하자 (Feat. 10CM)
725,2022-08-07,26,괴짜 (Freak)
726,2022-08-07,27,That That (prod. & feat. SUGA of BTS)
727,2022-08-07,28,나의 X에게
728,2022-08-07,29,열이올라요 (Heart Burn)
729,2022-08-07,30,사랑인가 봐
730,2022-08-07,31,ELEVEN
731,2022-08-07,32,Love story
732,2022-08-07,33,SMARTPHONE
733,2022-08-07,34,Closer
734,2022-08-07,35,That's Hilarious
735,2022-08-07,36,Clink Clink (클링 클링)
736,2022-08-07,37,Left and Right (Feat. Jung Kook of BTS)
737,2022-08-07,38,상상 (Beyond My Dreams)
738,2022-08-07,39,Dangerously
739,2022-08-07,40,Feel My Rhythm
740,2022-08-07,41,Seventeen
741,2022-08-07,42,LOVE me
742,2022-08-07,43,팡파레
743,2022-08-07,44,내가 아니라도
744,2022-08-07,45,바보에게 바보가 (웹툰 '연애의 발견' X 이석훈)
745,2022-08-07,46,MY BAG
746,2022-08-07,47,Stay This Way
747,2022-08-07,48,Still Sunset
748,2022-08-07,49,신호등
749,2022-08-07,50,Villain
750,2022-08-07,51,새벽에 걸려온 너의 전화는
751,2022-08-07,52,봄여름가을겨울 (Still Life)
752,2022-08-07,53,다정히 내 이름을 부르면
753,2022-08-07,54,Next Level
754,2022-08-07,55,늦은 밤 헤어지긴 너무 아쉬워
755,2022-08-07,56,_WORLD
756,2022-08-07,57,Weekend
757,2022-08-07,58,STAY
758,2022-08-07,59,INVU
759,2022-08-07,60,너의 잠을 채워줄게
760,2022-08-07,61,SMILEY (Feat. BIBI)
761,2022-08-07,62,듣고 싶을까
762,2022-08-07,63,내 기쁨은 너가 벤틀리를 끄는 거야
763,2022-08-07,64,취중고백
764,2022-08-07,65,드라마
765,2022-08-07,66,종이비행기 (Paper Plane)
766,2022-08-07,67,완벽한 장면 (Summer Night)
767,2022-08-07,68,아무래도 난
768,2022-08-07,69,너의 모든 순간
769,2022-08-07,70,사랑은 늘 도망가
770,2022-08-07,71,사랑한다고 말해줘
771,2022-08-07,72,없었던 일로
772,2022-08-07,73,Life′s Too Short (English Ver.)
773,2022-08-07,74,Mood Lamp
774,2022-08-07,75,SEOUL DRIFT
775,2022-08-07,76,GANADARA (Feat. 아이유)
776,2022-08-07,77,Freedom
777,2022-08-07,78,HOT
778,2022-08-07,79,strawberry moon
779,2022-08-07,80,봄 to 러브
780,2022-08-07,81,Yet To Come
781,2022-08-07,82,Dynamite
782,2022-08-07,83,Off My Face
783,2022-08-07,84,사랑이 불어오나 봐
784,2022-08-07,85,Seoul
785,2022-08-07,86,You Better Run
786,2022-08-07,87,마지막 너의 인사
787,2022-08-07,88,우리들의 블루스
788,2022-08-07,89,Light Switch
789,2022-08-07,90,언제라도 (Prod. 이효리)
790,2022-08-07,91,러브 쉿!
791,2022-08-07,92,Celebrity
792,2022-08-07,93,어마어마해
793,2022-08-07,94,"모든 날, 모든 순간 (Every day, Every Moment)"
794,2022-08-07,95,너를 생각해
795,2022-08-07,96,참고사항
796,2022-08-07,97,Drive
797,2022-08-07,98,안하기가 쉽지 않아요
798,2022-08-07,99,Happy Song
799,2022-08-07,100,Out of Time
800,2022-08-08,1,Attention
801,2022-08-08,2,Hype Boy
802,2022-08-08,3,FOREVER 1
803,2022-08-08,4,눈을 감으면
804,2022-08-08,5,SNEAKERS
805,2022-08-08,6,그때 그 순간 그대로 (그그그)
806,2022-08-08,7,LOVE DIVE
807,2022-08-08,8,Cookie
808,2022-08-08,9,I Ain't Worried
809,2022-08-08,10,보고싶었어
810,2022-08-08,11,도깨비불 (Illusion)
811,2022-08-08,12,POP!
812,2022-08-08,13,Somebody!
813,2022-08-08,14,그라데이션
814,2022-08-08,15,Lucky Like That
815,2022-08-08,16,Girls
816,2022-08-08,17,Hurt
817,2022-08-08,18,TOMBOY
818,2022-08-08,19,정이라고 하자 (Feat. 10CM)
819,2022-08-08,20,BEAUTIFUL MONSTER
820,2022-08-08,21,열이올라요 (Heart Burn)
821,2022-08-08,22,Sparkling
822,2022-08-08,23,FEARLESS
823,2022-08-08,24,I LOVE U
824,2022-08-08,25,Love story
825,2022-08-08,26,That That (prod. & feat. SUGA of BTS)
826,2022-08-08,27,Bad Decisions
827,2022-08-08,28,사랑이야
828,2022-08-08,29,나의 X에게
829,2022-08-08,30,GO
830,2022-08-08,31,괴짜 (Freak)
831,2022-08-08,32,사랑인가 봐
832,2022-08-08,33,ELEVEN
833,2022-08-08,34,Closer
834,2022-08-08,35,That's Hilarious
835,2022-08-08,36,내가 아니라도
836,2022-08-08,37,Left and Right (Feat. Jung Kook of BTS)
837,2022-08-08,38,팡파레
838,2022-08-08,39,SMARTPHONE
839,2022-08-08,40,상상 (Beyond My Dreams)
840,2022-08-08,41,Feel My Rhythm
841,2022-08-08,42,바보에게 바보가 (웹툰 '연애의 발견' X 이석훈)
842,2022-08-08,43,LOVE me
843,2022-08-08,44,Clink Clink (클링 클링)
844,2022-08-08,45,봄여름가을겨울 (Still Life)
845,2022-08-08,46,MY BAG
846,2022-08-08,47,Dangerously
847,2022-08-08,48,취중고백
848,2022-08-08,49,신호등
849,2022-08-08,50,다정히 내 이름을 부르면
850,2022-08-08,51,Stay This Way
851,2022-08-08,52,INVU
852,2022-08-08,53,늦은 밤 헤어지긴 너무 아쉬워
853,2022-08-08,54,듣고 싶을까
854,2022-08-08,55,Seventeen
855,2022-08-08,56,새벽에 걸려온 너의 전화는
856,2022-08-08,57,Next Level
857,2022-08-08,58,STAY
858,2022-08-08,59,드라마
859,2022-08-08,60,SMILEY (Feat. BIBI)
860,2022-08-08,61,_WORLD
861,2022-08-08,62,내 기쁨은 너가 벤틀리를 끄는 거야
862,2022-08-08,63,Weekend
863,2022-08-08,64,사랑은 늘 도망가
864,2022-08-08,65,아무래도 난
865,2022-08-08,66,너의 모든 순간
866,2022-08-08,67,봄 to 러브
867,2022-08-08,68,Off My Face
868,2022-08-08,69,Yet To Come
869,2022-08-08,70,strawberry moon
870,2022-08-08,71,완벽한 장면 (Summer Night)
871,2022-08-08,72,없었던 일로
872,2022-08-08,73,HOT
873,2022-08-08,74,너의 잠을 채워줄게
874,2022-08-08,75,GANADARA (Feat. 아이유)
875,2022-08-08,76,Seoul
876,2022-08-08,77,Villain
877,2022-08-08,78,SEOUL DRIFT
878,2022-08-08,79,사랑이 불어오나 봐
879,2022-08-08,80,Life′s Too Short (English Ver.)
880,2022-08-08,81,마지막 너의 인사
881,2022-08-08,82,종이비행기 (Paper Plane)
882,2022-08-08,83,언제든 어디라도
883,2022-08-08,84,Dynamite
884,2022-08-08,85,Freedom
885,2022-08-08,86,너를 생각해
886,2022-08-08,87,Light Switch
887,2022-08-08,88,"모든 날, 모든 순간 (Every day, Every Moment)"
888,2022-08-08,89,Replay
889,2022-08-08,90,Drive
890,2022-08-08,91,우리들의 블루스
891,2022-08-08,92,참고사항
892,2022-08-08,93,러브 쉿!
893,2022-08-08,94,Mood Lamp
894,2022-08-08,95,어마어마해
895,2022-08-08,96,You Better Run
896,2022-08-08,97,Celebrity
897,2022-08-08,98,사랑한다고 말해줘
898,2022-08-08,99,밤하늘의 별을(2020)
899,2022-08-08,100,안하기가 쉽지 않아요
900,2022-08-09,1,Attention
901,2022-08-09,2,Hype Boy
902,2022-08-09,3,FOREVER 1
903,2022-08-09,4,POSE
904,2022-08-09,5,SNEAKERS
905,2022-08-09,6,그때 그 순간 그대로 (그그그)
906,2022-08-09,7,LOVE DIVE
907,2022-08-09,8,눈을 감으면
908,2022-08-09,9,보고싶었어
909,2022-08-09,10,Cookie
910,2022-08-09,11,I Ain't Worried
911,2022-08-09,12,도깨비불 (Illusion)
912,2022-08-09,13,Somebody!
913,2022-08-09,14,POP!
914,2022-08-09,15,그라데이션
915,2022-08-09,16,Girls
916,2022-08-09,17,Hurt
917,2022-08-09,18,FEARLESS
918,2022-08-09,19,TOMBOY
919,2022-08-09,20,괴짜 (Freak)
920,2022-08-09,21,정이라고 하자 (Feat. 10CM)
921,2022-08-09,22,열이올라요 (Heart Burn)
922,2022-08-09,23,Sparkling
923,2022-08-09,24,I LOVE U
924,2022-08-09,25,사랑이야
925,2022-08-09,26,BEAUTIFUL MONSTER
926,2022-08-09,27,That That (prod. & feat. SUGA of BTS)
927,2022-08-09,28,Lucky Like That
928,2022-08-09,29,ELEVEN
929,2022-08-09,30,나의 X에게
930,2022-08-09,31,Love story
931,2022-08-09,32,사랑인가 봐
932,2022-08-09,33,That's Hilarious
933,2022-08-09,34,팡파레
934,2022-08-09,35,SMARTPHONE
935,2022-08-09,36,데이지
936,2022-08-09,37,상상 (Beyond My Dreams)
937,2022-08-09,38,Left and Right (Feat. Jung Kook of BTS)
938,2022-08-09,39,LOVE me
939,2022-08-09,40,바보에게 바보가 (웹툰 '연애의 발견' X 이석훈)
940,2022-08-09,41,Stay This Way
941,2022-08-09,42,Clink Clink (클링 클링)
942,2022-08-09,43,Bad Decisions
943,2022-08-09,44,늦은 밤 헤어지긴 너무 아쉬워
944,2022-08-09,45,Feel My Rhythm
945,2022-08-09,46,Closer
946,2022-08-09,47,내가 아니라도
947,2022-08-09,48,신호등
948,2022-08-09,49,다정히 내 이름을 부르면
949,2022-08-09,50,새벽에 걸려온 너의 전화는
950,2022-08-09,51,MY BAG
951,2022-08-09,52,Sunflower
952,2022-08-09,53,취중고백
953,2022-08-09,54,INVU
954,2022-08-09,55,봄여름가을겨울 (Still Life)
955,2022-08-09,56,STAY
956,2022-08-09,57,Dangerously
957,2022-08-09,58,Weekend
958,2022-08-09,59,언제든 어디라도
959,2022-08-09,60,내 기쁨은 너가 벤틀리를 끄는 거야
960,2022-08-09,61,독 ( )
961,2022-08-09,62,Next Level
962,2022-08-09,63,_WORLD
963,2022-08-09,64,SEOUL DRIFT
964,2022-08-09,65,You Like
965,2022-08-09,66,듣고 싶을까
966,2022-08-09,67,SMILEY (Feat. BIBI)
967,2022-08-09,68,아무래도 난
968,2022-08-09,69,Life′s Too Short (English Ver.)
969,2022-08-09,70,너의 모든 순간
970,2022-08-09,71,드라마
971,2022-08-09,72,너를 좋아해
972,2022-08-09,73,그해 그달 그날
973,2022-08-09,74,strawberry moon
974,2022-08-09,75,Off My Face
975,2022-08-09,76,HOT
976,2022-08-09,77,사랑은 늘 도망가
977,2022-08-09,78,너의 잠을 채워줄게
978,2022-08-09,79,Seventeen
979,2022-08-09,80,Yet To Come
980,2022-08-09,81,없었던 일로
981,2022-08-09,82,GO
982,2022-08-09,83,GANADARA (Feat. 아이유)
983,2022-08-09,84,봄 to 러브
984,2022-08-09,85,Dynamite
985,2022-08-09,86,이러면 안 될 거 아는데 너 앞에만 서면 나락 (Feat. 10CM)
986,2022-08-09,87,우리들의 블루스
987,2022-08-09,88,DO or NOT
988,2022-08-09,89,Villain
989,2022-08-09,90,너를 생각해
990,2022-08-09,91,Happy Song
991,2022-08-09,92,Drive
992,2022-08-09,93,"모든 날, 모든 순간 (Every day, Every Moment)"
993,2022-08-09,94,Baby I Love You
994,2022-08-09,95,마지막 너의 인사
995,2022-08-09,96,Out of Time
996,2022-08-09,97,Beautiful Goodbye
997,2022-08-09,98,10초 전
998,2022-08-09,99,Seoul
999,2022-08-09,100,안하기가 쉽지 않아요
1000,2022-08-10,1,Attention
1001,2022-08-10,2,Hype Boy
1002,2022-08-10,3,POSE
1003,2022-08-10,4,FOREVER 1
1004,2022-08-10,5,SNEAKERS
1005,2022-08-10,6,그때 그 순간 그대로 (그그그)
1006,2022-08-10,7,LOVE DIVE
1007,2022-08-10,8,Cookie
1008,2022-08-10,9,보고싶었어
1009,2022-08-10,10,눈을 감으면
1010,2022-08-10,11,I Ain't Worried
1011,2022-08-10,12,도깨비불 (Illusion)
1012,2022-08-10,13,POP!
1013,2022-08-10,14,그라데이션
1014,2022-08-10,15,Somebody!
1015,2022-08-10,16,Girls
1016,2022-08-10,17,TOMBOY
1017,2022-08-10,18,Hurt
1018,2022-08-10,19,I LOVE U
1019,2022-08-10,20,BEAUTIFUL MONSTER
1020,2022-08-10,21,FEARLESS
1021,2022-08-10,22,열이올라요 (Heart Burn)
1022,2022-08-10,23,Sunflower
1023,2022-08-10,24,정이라고 하자 (Feat. 10CM)
1024,2022-08-10,25,독 ( )
1025,2022-08-10,26,That's Hilarious
1026,2022-08-10,27,Sparkling
1027,2022-08-10,28,괴짜 (Freak)
1028,2022-08-10,29,사랑인가 봐
1029,2022-08-10,30,ELEVEN
1030,2022-08-10,31,That That (prod. & feat. SUGA of BTS)
1031,2022-08-10,32,나의 X에게
1032,2022-08-10,33,You Like
1033,2022-08-10,34,바보에게 바보가 (웹툰 '연애의 발견' X 이석훈)
1034,2022-08-10,35,Love story
1035,2022-08-10,36,Left and Right (Feat. Jung Kook of BTS)
1036,2022-08-10,37,데이지
1037,2022-08-10,38,Lucky Like That
1038,2022-08-10,39,사랑이야
1039,2022-08-10,40,Beautiful Goodbye
1040,2022-08-10,41,LOVE me
1041,2022-08-10,42,신호등
1042,2022-08-10,43,팡파레
1043,2022-08-10,44,Dangerously
1044,2022-08-10,45,상상 (Beyond My Dreams)
1045,2022-08-10,46,Feel My Rhythm
1046,2022-08-10,47,SMARTPHONE
1047,2022-08-10,48,늦은 밤 헤어지긴 너무 아쉬워
1048,2022-08-10,49,Stay This Way
1049,2022-08-10,50,Bad Decisions
1050,2022-08-10,51,다정히 내 이름을 부르면
1051,2022-08-10,52,Clink Clink (클링 클링)
1052,2022-08-10,53,내 기쁨은 너가 벤틀리를 끄는 거야
1053,2022-08-10,54,MY BAG
1054,2022-08-10,55,내가 아니라도
1055,2022-08-10,56,봄여름가을겨울 (Still Life)
1056,2022-08-10,57,STAY
1057,2022-08-10,58,INVU
1058,2022-08-10,59,Next Level
1059,2022-08-10,60,Weekend
1060,2022-08-10,61,취중고백
1061,2022-08-10,62,_WORLD
1062,2022-08-10,63,봄 to 러브
1063,2022-08-10,64,너의 모든 순간
1064,2022-08-10,65,없었던 일로
1065,2022-08-10,66,HOT
1066,2022-08-10,67,드라마
1067,2022-08-10,68,SMILEY (Feat. BIBI)
1068,2022-08-10,69,Closer
1069,2022-08-10,70,Yet To Come
1070,2022-08-10,71,strawberry moon
1071,2022-08-10,72,듣고 싶을까
1072,2022-08-10,73,새벽에 걸려온 너의 전화는
1073,2022-08-10,74,사랑은 늘 도망가
1074,2022-08-10,75,GANADARA (Feat. 아이유)
1075,2022-08-10,76,아무래도 난
1076,2022-08-10,77,Off My Face
1077,2022-08-10,78,그해 그달 그날
1078,2022-08-10,79,이러면 안 될 거 아는데 너 앞에만 서면 나락 (Feat. 10CM)
1079,2022-08-10,80,SEOUL DRIFT
1080,2022-08-10,81,Life′s Too Short (English Ver.)
1081,2022-08-10,82,Celebrity
1082,2022-08-10,83,Light Switch
1083,2022-08-10,84,너의 잠을 채워줄게
1084,2022-08-10,85,Dynamite
1085,2022-08-10,86,마지막 너의 인사
1086,2022-08-10,87,Seventeen
1087,2022-08-10,88,"모든 날, 모든 순간 (Every day, Every Moment)"
1088,2022-08-10,89,Baby I Love You
1089,2022-08-10,90,우리들의 블루스
1090,2022-08-10,91,Drive
1091,2022-08-10,92,Seoul
1092,2022-08-10,93,망해 간다니까
1093,2022-08-10,94,너를 생각해
1094,2022-08-10,95,Out of Time
1095,2022-08-10,96,히말라야 (Feat. 장명서)
1096,2022-08-10,97,사랑이 불어오나 봐
1097,2022-08-10,98,Villain
1098,2022-08-10,99,사랑한다고 말해줘
1099,2022-08-10,100,라일락
1100,2022-08-11,1,Attention
1101,2022-08-11,2,Hype Boy
1102,2022-08-11,3,FOREVER 1
1103,2022-08-11,4,SNEAKERS
1104,2022-08-11,5,POSE
1105,2022-08-11,6,Cookie
1106,2022-08-11,7,그때 그 순간 그대로 (그그그)
1107,2022-08-11,8,LOVE DIVE
1108,2022-08-11,9,보고싶었어
1109,2022-08-11,10,도깨비불 (Illusion)
1110,2022-08-11,11,I Ain't Worried
1111,2022-08-11,12,눈을 감으면
1112,2022-08-11,13,Girls
1113,2022-08-11,14,POP!
1114,2022-08-11,15,Somebody!
1115,2022-08-11,16,Sunflower
1116,2022-08-11,17,Hurt
1117,2022-08-11,18,TOMBOY
1118,2022-08-11,19,그라데이션
1119,2022-08-11,20,독 ( )
1120,2022-08-11,21,FEARLESS
1121,2022-08-11,22,정이라고 하자 (Feat. 10CM)
1122,2022-08-11,23,BEAUTIFUL MONSTER
1123,2022-08-11,24,I LOVE U
1124,2022-08-11,25,열이올라요 (Heart Burn)
1125,2022-08-11,26,Love story
1126,2022-08-11,27,Sparkling
1127,2022-08-11,28,ELEVEN
1128,2022-08-11,29,나의 X에게
1129,2022-08-11,30,That's Hilarious
1130,2022-08-11,31,Lucky Like That
1131,2022-08-11,32,사랑인가 봐
1132,2022-08-11,33,That That (prod. & feat. SUGA of BTS)
1133,2022-08-11,34,괴짜 (Freak)
1134,2022-08-11,35,Left and Right (Feat. Jung Kook of BTS)
1135,2022-08-11,36,LOVE me
1136,2022-08-11,37,상상 (Beyond My Dreams)
1137,2022-08-11,38,사랑이야
1138,2022-08-11,39,Bad Decisions
1139,2022-08-11,40,팡파레
1140,2022-08-11,41,Dangerously
1141,2022-08-11,42,Feel My Rhythm
1142,2022-08-11,43,SMARTPHONE
1143,2022-08-11,44,제주도의 푸른밤
1144,2022-08-11,45,Clink Clink (클링 클링)
1145,2022-08-11,46,Beautiful Goodbye
1146,2022-08-11,47,바보에게 바보가 (웹툰 '연애의 발견' X 이석훈)
1147,2022-08-11,48,봄여름가을겨울 (Still Life)
1148,2022-08-11,49,Stay This Way
1149,2022-08-11,50,INVU
1150,2022-08-11,51,MY BAG
1151,2022-08-11,52,내가 아니라도
1152,2022-08-11,53,다정히 내 이름을 부르면
1153,2022-08-11,54,Closer
1154,2022-08-11,55,늦은 밤 헤어지긴 너무 아쉬워
1155,2022-08-11,56,내 기쁨은 너가 벤틀리를 끄는 거야
1156,2022-08-11,57,_WORLD
1157,2022-08-11,58,신호등
1158,2022-08-11,59,빈칸에게 (Feat. 10CM)
1159,2022-08-11,60,드라마
1160,2022-08-11,61,STAY
1161,2022-08-11,62,취중고백
1162,2022-08-11,63,Next Level
1163,2022-08-11,64,오늘부터 행복한 나 (Feat. 이상순)
1164,2022-08-11,65,새벽에 걸려온 너의 전화는
1165,2022-08-11,66,그 여자가 나야
1166,2022-08-11,67,SMILEY (Feat. BIBI)
1167,2022-08-11,68,Weekend
1168,2022-08-11,69,strawberry moon
1169,2022-08-11,70,모를 수도 있지만 (Maybe)
1170,2022-08-11,71,듣고 싶을까
1171,2022-08-11,72,없었던 일로
1172,2022-08-11,73,GANADARA (Feat. 아이유)
1173,2022-08-11,74,너의 모든 순간
1174,2022-08-11,75,봄 to 러브
1175,2022-08-11,76,Yet To Come
1176,2022-08-11,77,아무래도 난
1177,2022-08-11,78,너의 잠을 채워줄게
1178,2022-08-11,79,HOT
1179,2022-08-11,80,Off My Face
1180,2022-08-11,81,사랑은 늘 도망가
1181,2022-08-11,82,Life′s Too Short (English Ver.)
1182,2022-08-11,83,Light Switch
1183,2022-08-11,84,"모든 날, 모든 순간 (Every day, Every Moment)"
1184,2022-08-11,85,Dynamite
1185,2022-08-11,86,Seoul
1186,2022-08-11,87,Baby I Love You
1187,2022-08-11,88,우리들의 블루스
1188,2022-08-11,89,Drive
1189,2022-08-11,90,마지막 너의 인사
1190,2022-08-11,91,Seventeen
1191,2022-08-11,92,너를 생각해
1192,2022-08-11,93,Celebrity
1193,2022-08-11,94,You Like
1194,2022-08-11,95,안하기가 쉽지 않아요
1195,2022-08-11,96,SEOUL DRIFT
1196,2022-08-11,97,이러면 안 될 거 아는데 너 앞에만 서면 나락 (Feat. 10CM)
1197,2022-08-11,98,해요 (2022)
1198,2022-08-11,99,DO or NOT
1199,2022-08-11,100,"Cerberus (Song By 유토, 키노, 우석)"
1200,2022-08-12,1,Attention
1201,2022-08-12,2,Hype Boy
1202,2022-08-12,3,FOREVER 1
1203,2022-08-12,4,SNEAKERS
1204,2022-08-12,5,그때 그 순간 그대로 (그그그)
1205,2022-08-12,6,Cookie
1206,2022-08-12,7,LOVE DIVE
1207,2022-08-12,8,보고싶었어
1208,2022-08-12,9,도깨비불 (Illusion)
1209,2022-08-12,10,I Ain't Worried
1210,2022-08-12,11,그라데이션
1211,2022-08-12,12,Somebody!
1212,2022-08-12,13,POP!
1213,2022-08-12,14,눈을 감으면
1214,2022-08-12,15,Hurt
1215,2022-08-12,16,TOMBOY
1216,2022-08-12,17,열이올라요 (Heart Burn)
1217,2022-08-12,18,Girls
1218,2022-08-12,19,FEARLESS
1219,2022-08-12,20,I LOVE U
1220,2022-08-12,21,정이라고 하자 (Feat. 10CM)
1221,2022-08-12,22,POSE
1222,2022-08-12,23,BEAUTIFUL MONSTER
1223,2022-08-12,24,That That (prod. & feat. SUGA of BTS)
1224,2022-08-12,25,나의 X에게
1225,2022-08-12,26,Love story
1226,2022-08-12,27,Sparkling
1227,2022-08-12,28,Sunflower
1228,2022-08-12,29,사랑이야
1229,2022-08-12,30,That's Hilarious
1230,2022-08-12,31,ELEVEN
1231,2022-08-12,32,사랑인가 봐
1232,2022-08-12,33,SMARTPHONE
1233,2022-08-12,34,독 ( )
1234,2022-08-12,35,괴짜 (Freak)
1235,2022-08-12,36,팡파레
1236,2022-08-12,37,바보에게 바보가 (웹툰 '연애의 발견' X 이석훈)
1237,2022-08-12,38,상상 (Beyond My Dreams)
1238,2022-08-12,39,Lucky Like That
1239,2022-08-12,40,LOVE me
1240,2022-08-12,41,Dangerously
1241,2022-08-12,42,Left and Right (Feat. Jung Kook of BTS)
1242,2022-08-12,43,Clink Clink (클링 클링)
1243,2022-08-12,44,Feel My Rhythm
1244,2022-08-12,45,다정히 내 이름을 부르면
1245,2022-08-12,46,MY BAG
1246,2022-08-12,47,Stay This Way
1247,2022-08-12,48,Bad Decisions
1248,2022-08-12,49,INVU
1249,2022-08-12,50,봄여름가을겨울 (Still Life)
1250,2022-08-12,51,내 기쁨은 너가 벤틀리를 끄는 거야
1251,2022-08-12,52,신호등
1252,2022-08-12,53,취중고백
1253,2022-08-12,54,_WORLD
1254,2022-08-12,55,내가 아니라도
1255,2022-08-12,56,STAY
1256,2022-08-12,57,Next Level
1257,2022-08-12,58,드라마
1258,2022-08-12,59,오늘부터 행복한 나 (Feat. 이상순)
1259,2022-08-12,60,늦은 밤 헤어지긴 너무 아쉬워
1260,2022-08-12,61,strawberry moon
1261,2022-08-12,62,Weekend
1262,2022-08-12,63,SMILEY (Feat. BIBI)
1263,2022-08-12,64,듣고 싶을까
1264,2022-08-12,65,Off My Face
1265,2022-08-12,66,제주도의 푸른밤
1266,2022-08-12,67,너의 모든 순간
1267,2022-08-12,68,GANADARA (Feat. 아이유)
1268,2022-08-12,69,아무래도 난
1269,2022-08-12,70,HOT
1270,2022-08-12,71,사랑은 늘 도망가
1271,2022-08-12,72,봄 to 러브
1272,2022-08-12,73,새벽에 걸려온 너의 전화는
1273,2022-08-12,74,없었던 일로
1274,2022-08-12,75,Closer
1275,2022-08-12,76,Yet To Come
1276,2022-08-12,77,Light Switch
1277,2022-08-12,78,안하기가 쉽지 않아요
1278,2022-08-12,79,Life′s Too Short (English Ver.)
1279,2022-08-12,80,Seoul
1280,2022-08-12,81,빈칸에게 (Feat. 10CM)
1281,2022-08-12,82,너를 생각해
1282,2022-08-12,83,Dynamite
1283,2022-08-12,84,너의 잠을 채워줄게
1284,2022-08-12,85,Celebrity
1285,2022-08-12,86,마지막 너의 인사
1286,2022-08-12,87,"모든 날, 모든 순간 (Every day, Every Moment)"
1287,2022-08-12,88,Drive
1288,2022-08-12,89,우리들의 블루스
1289,2022-08-12,90,Seventeen
1290,2022-08-12,91,GO
1291,2022-08-12,92,SEOUL DRIFT
1292,2022-08-12,93,사랑이 불어오나 봐
1293,2022-08-12,94,라일락
1294,2022-08-12,95,사랑한다고 말해줘
1295,2022-08-12,96,Dun Dun Dance
1296,2022-08-12,97,Happy Song
1297,2022-08-12,98,"낭만교향곡 (Feat. CHANGMO, 박재범)"
1298,2022-08-12,99,참고사항
1299,2022-08-12,100,이러면 안 될 거 아는데 너 앞에만 서면 나락 (Feat. 10CM)
1300,2022-08-13,1,Attention
1301,2022-08-13,2,Hype Boy
1302,2022-08-13,3,FOREVER 1
1303,2022-08-13,4,LOVE DIVE
1304,2022-08-13,5,Cookie
1305,2022-08-13,6,그때 그 순간 그대로 (그그그)
1306,2022-08-13,7,SNEAKERS
1307,2022-08-13,8,보고싶었어
1308,2022-08-13,9,도깨비불 (Illusion)
1309,2022-08-13,10,I Ain't Worried
1310,2022-08-13,11,POP!
1311,2022-08-13,12,그라데이션
1312,2022-08-13,13,Somebody!
1313,2022-08-13,14,TOMBOY
1314,2022-08-13,15,FEARLESS
1315,2022-08-13,16,Hurt
1316,2022-08-13,17,정이라고 하자 (Feat. 10CM)
1317,2022-08-13,18,Girls
1318,2022-08-13,19,눈을 감으면
1319,2022-08-13,20,나의 X에게
1320,2022-08-13,21,열이올라요 (Heart Burn)
1321,2022-08-13,22,ELEVEN
1322,2022-08-13,23,Love story
1323,2022-08-13,24,I LOVE U
1324,2022-08-13,25,That That (prod. & feat. SUGA of BTS)
1325,2022-08-13,26,That's Hilarious
1326,2022-08-13,27,사랑인가 봐
1327,2022-08-13,28,괴짜 (Freak)
1328,2022-08-13,29,Sparkling
1329,2022-08-13,30,BEAUTIFUL MONSTER
1330,2022-08-13,31,Left and Right (Feat. Jung Kook of BTS)
1331,2022-08-13,32,사랑이야
1332,2022-08-13,33,Feel My Rhythm
1333,2022-08-13,34,LOVE me
1334,2022-08-13,35,상상 (Beyond My Dreams)
1335,2022-08-13,36,팡파레
1336,2022-08-13,37,다정히 내 이름을 부르면
1337,2022-08-13,38,봄여름가을겨울 (Still Life)
1338,2022-08-13,39,Clink Clink (클링 클링)
1339,2022-08-13,40,Dangerously
1340,2022-08-13,41,내 기쁨은 너가 벤틀리를 끄는 거야
1341,2022-08-13,42,취중고백
1342,2022-08-13,43,바보에게 바보가 (웹툰 '연애의 발견' X 이석훈)
1343,2022-08-13,44,신호등
1344,2022-08-13,45,Lucky Like That
1345,2022-08-13,46,STAY
1346,2022-08-13,47,늦은 밤 헤어지긴 너무 아쉬워
1347,2022-08-13,48,MY BAG
1348,2022-08-13,49,내가 아니라도
1349,2022-08-13,50,Weekend
1350,2022-08-13,51,드라마
1351,2022-08-13,52,Stay This Way
1352,2022-08-13,53,Next Level
1353,2022-08-13,54,INVU
1354,2022-08-13,55,Bad Decisions
1355,2022-08-13,56,SMARTPHONE
1356,2022-08-13,57,사랑은 늘 도망가
1357,2022-08-13,58,SMILEY (Feat. BIBI)
1358,2022-08-13,59,strawberry moon
1359,2022-08-13,60,새벽에 걸려온 너의 전화는
1360,2022-08-13,61,너의 모든 순간
1361,2022-08-13,62,_WORLD
1362,2022-08-13,63,듣고 싶을까
1363,2022-08-13,64,이제 우리 사랑해요 (웹툰 '연애의 발견' X KCM)
1364,2022-08-13,65,아무래도 난
1365,2022-08-13,66,GANADARA (Feat. 아이유)
1366,2022-08-13,67,Off My Face
1367,2022-08-13,68,봄 to 러브
1368,2022-08-13,69,너의 잠을 채워줄게
1369,2022-08-13,70,Life′s Too Short (English Ver.)
1370,2022-08-13,71,Yet To Come
1371,2022-08-13,72,너를 생각해
1372,2022-08-13,73,없었던 일로
1373,2022-08-13,74,Seoul
1374,2022-08-13,75,Dynamite
1375,2022-08-13,76,우리들의 블루스
1376,2022-08-13,77,"모든 날, 모든 순간 (Every day, Every Moment)"
1377,2022-08-13,78,HOT
1378,2022-08-13,79,안하기가 쉽지 않아요
1379,2022-08-13,80,Celebrity
1380,2022-08-13,81,마지막 너의 인사
1381,2022-08-13,82,Light Switch
1382,2022-08-13,83,SEOUL DRIFT
1383,2022-08-13,84,Drive
1384,2022-08-13,85,라일락
1385,2022-08-13,86,GO
1386,2022-08-13,87,사랑한다고 말해줘
1387,2022-08-13,88,Sunflower
1388,2022-08-13,89,Blueming
1389,2022-08-13,90,독 ( )
1390,2022-08-13,91,Closer
1391,2022-08-13,92,Happy Song
1392,2022-08-13,93,"회전목마 (Feat. Zion.T, 원슈타인) (Prod. Slom)"
1393,2022-08-13,94,제주도의 푸른밤
1394,2022-08-13,95,어마어마해
1395,2022-08-13,96,해요 (2022)
1396,2022-08-13,97,참고사항
1397,2022-08-13,98,Out of Time
1398,2022-08-13,99,감동이야 (feat. 성시경)
1399,2022-08-13,100,러브 쉿!
1400,2022-08-14,1,Attention
1401,2022-08-14,2,Hype Boy
1402,2022-08-14,3,FOREVER 1
1403,2022-08-14,4,Cookie
1404,2022-08-14,5,SNEAKERS
1405,2022-08-14,6,LOVE DIVE
1406,2022-08-14,7,그때 그 순간 그대로 (그그그)
1407,2022-08-14,8,보고싶었어
1408,2022-08-14,9,도깨비불 (Illusion)
1409,2022-08-14,10,I Ain't Worried
1410,2022-08-14,11,Somebody!
1411,2022-08-14,12,POP!
1412,2022-08-14,13,그라데이션
1413,2022-08-14,14,TOMBOY
1414,2022-08-14,15,Girls
1415,2022-08-14,16,FEARLESS
1416,2022-08-14,17,정이라고 하자 (Feat. 10CM)
1417,2022-08-14,18,눈을 감으면
1418,2022-08-14,19,Hurt
1419,2022-08-14,20,That That (prod. & feat. SUGA of BTS)
1420,2022-08-14,21,ELEVEN
1421,2022-08-14,22,나의 X에게
1422,2022-08-14,23,열이올라요 (Heart Burn)
1423,2022-08-14,24,I LOVE U
1424,2022-08-14,25,사랑이란 건
1425,2022-08-14,26,사랑인가 봐
1426,2022-08-14,27,Sparkling
1427,2022-08-14,28,Love story
1428,2022-08-14,29,통화연결음
1429,2022-08-14,30,That's Hilarious
1430,2022-08-14,31,BEAUTIFUL MONSTER
1431,2022-08-14,32,괴짜 (Freak)
1432,2022-08-14,33,LOVE me
1433,2022-08-14,34,사랑이야
1434,2022-08-14,35,Left and Right (Feat. Jung Kook of BTS)
1435,2022-08-14,36,봄여름가을겨울 (Still Life)
1436,2022-08-14,37,신호등
1437,2022-08-14,38,팡파레
1438,2022-08-14,39,내가 아니라도
1439,2022-08-14,40,Feel My Rhythm
1440,2022-08-14,41,Clink Clink (클링 클링)
1441,2022-08-14,42,Stay This Way
1442,2022-08-14,43,STAY
1443,2022-08-14,44,상상 (Beyond My Dreams)
1444,2022-08-14,45,바보에게 바보가 (웹툰 '연애의 발견' X 이석훈)
1445,2022-08-14,46,Next Level
1446,2022-08-14,47,취중고백
1447,2022-08-14,48,다정히 내 이름을 부르면
1448,2022-08-14,49,내 기쁨은 너가 벤틀리를 끄는 거야
1449,2022-08-14,50,Dangerously
1450,2022-08-14,51,MY BAG
1451,2022-08-14,52,INVU
1452,2022-08-14,53,Lucky Like That
1453,2022-08-14,54,새벽에 걸려온 너의 전화는
1454,2022-08-14,55,드라마
1455,2022-08-14,56,Weekend
1456,2022-08-14,57,SMARTPHONE
1457,2022-08-14,58,이 노래 (This song)
1458,2022-08-14,59,너의 모든 순간
1459,2022-08-14,60,늦은 밤 헤어지긴 너무 아쉬워
1460,2022-08-14,61,SMILEY (Feat. BIBI)
1461,2022-08-14,62,듣고 싶을까
1462,2022-08-14,63,strawberry moon
1463,2022-08-14,64,GANADARA (Feat. 아이유)
1464,2022-08-14,65,사랑은 늘 도망가
1465,2022-08-14,66,Bad Decisions
1466,2022-08-14,67,Celebrity
1467,2022-08-14,68,아무래도 난
1468,2022-08-14,69,_WORLD
1469,2022-08-14,70,Off My Face
1470,2022-08-14,71,HOT
1471,2022-08-14,72,Seoul
1472,2022-08-14,73,없었던 일로
1473,2022-08-14,74,봄 to 러브
1474,2022-08-14,75,Dynamite
1475,2022-08-14,76,"모든 날, 모든 순간 (Every day, Every Moment)"
1476,2022-08-14,77,Yet To Come
1477,2022-08-14,78,Light Switch
1478,2022-08-14,79,너를 생각해
1479,2022-08-14,80,Life′s Too Short (English Ver.)
1480,2022-08-14,81,라일락
1481,2022-08-14,82,이러면 안 될 거 아는데 너 앞에만 서면 나락 (Feat. 10CM)
1482,2022-08-14,83,Closer
1483,2022-08-14,84,우리들의 블루스
1484,2022-08-14,85,러브 쉿!
1485,2022-08-14,86,너의 잠을 채워줄게
1486,2022-08-14,87,스티커 사진
1487,2022-08-14,88,참고사항
1488,2022-08-14,89,어마어마해
1489,2022-08-14,90,마지막 너의 인사
1490,2022-08-14,91,Drive
1491,2022-08-14,92,Blueming
1492,2022-08-14,93,Dolphin
1493,2022-08-14,94,Out of Time
1494,2022-08-14,95,사랑한다고 말해줘
1495,2022-08-14,96,이제 우리 사랑해요 (웹툰 '연애의 발견' X KCM)
1496,2022-08-14,97,Seventeen
1497,2022-08-14,98,ZOOM
1498,2022-08-14,99,밤하늘의 별을(2020)
1499,2022-08-14,100,희재
1500,2022-08-15,1,Attention
1501,2022-08-15,2,Hype Boy
1502,2022-08-15,3,FOREVER 1
1503,2022-08-15,4,Cookie
1504,2022-08-15,5,SNEAKERS
1505,2022-08-15,6,LOVE DIVE
1506,2022-08-15,7,그때 그 순간 그대로 (그그그)
1507,2022-08-15,8,I Ain't Worried
1508,2022-08-15,9,보고싶었어
1509,2022-08-15,10,POSE
1510,2022-08-15,11,도깨비불 (Illusion)
1511,2022-08-15,12,POP!
1512,2022-08-15,13,Sunflower
1513,2022-08-15,14,Somebody!
1514,2022-08-15,15,그라데이션
1515,2022-08-15,16,Hurt
1516,2022-08-15,17,TOMBOY
1517,2022-08-15,18,독 ( )
1518,2022-08-15,19,통화연결음
1519,2022-08-15,20,도망가자 (HAPPINESS KR Ver.)
1520,2022-08-15,21,FEARLESS
1521,2022-08-15,22,Girls
1522,2022-08-15,23,ELEVEN
1523,2022-08-15,24,눈을 감으면
1524,2022-08-15,25,That That (prod. & feat. SUGA of BTS)
1525,2022-08-15,26,정이라고 하자 (Feat. 10CM)
1526,2022-08-15,27,That's Hilarious
1527,2022-08-15,28,사랑인가 봐
1528,2022-08-15,29,BEAUTIFUL MONSTER
1529,2022-08-15,30,나의 X에게
1530,2022-08-15,31,Feelin' Like
1531,2022-08-15,32,Sparkling
1532,2022-08-15,33,열이올라요 (Heart Burn)
1533,2022-08-15,34,Dangerously
1534,2022-08-15,35,괴짜 (Freak)
1535,2022-08-15,36,Love story
1536,2022-08-15,37,I LOVE U
1537,2022-08-15,38,팡파레
1538,2022-08-15,39,사랑이야
1539,2022-08-15,40,LOVE me
1540,2022-08-15,41,내가 아니라도
1541,2022-08-15,42,Left and Right (Feat. Jung Kook of BTS)
1542,2022-08-15,43,Feel My Rhythm
1543,2022-08-15,44,Lucky Like That
1544,2022-08-15,45,상상 (Beyond My Dreams)
1545,2022-08-15,46,내 기쁨은 너가 벤틀리를 끄는 거야
1546,2022-08-15,47,MY BAG
1547,2022-08-15,48,바보에게 바보가 (웹툰 '연애의 발견' X 이석훈)
1548,2022-08-15,49,봄여름가을겨울 (Still Life)
1549,2022-08-15,50,늦은 밤 헤어지긴 너무 아쉬워
1550,2022-08-15,51,다정히 내 이름을 부르면
1551,2022-08-15,52,신호등
1552,2022-08-15,53,INVU
1553,2022-08-15,54,취중고백
1554,2022-08-15,55,Stay This Way
1555,2022-08-15,56,STAY
1556,2022-08-15,57,Bad Decisions
1557,2022-08-15,58,GANADARA (Feat. 아이유)
1558,2022-08-15,59,사랑은 늘 도망가
1559,2022-08-15,60,SMILEY (Feat. BIBI)
1560,2022-08-15,61,새벽에 걸려온 너의 전화는
1561,2022-08-15,62,SMARTPHONE
1562,2022-08-15,63,Weekend
1563,2022-08-15,64,_WORLD
1564,2022-08-15,65,Clink Clink (클링 클링)
1565,2022-08-15,66,Next Level
1566,2022-08-15,67,아무래도 난
1567,2022-08-15,68,드라마
1568,2022-08-15,69,strawberry moon
1569,2022-08-15,70,너의 모든 순간
1570,2022-08-15,71,듣고 싶을까
1571,2022-08-15,72,HOT
1572,2022-08-15,73,Off My Face
1573,2022-08-15,74,Life′s Too Short (English Ver.)
1574,2022-08-15,75,Yet To Come
1575,2022-08-15,76,BYE (feat. 휘인)
1576,2022-08-15,77,우리들의 블루스
1577,2022-08-15,78,봄 to 러브
1578,2022-08-15,79,이 노래 (This song)
1579,2022-08-15,80,사랑한다고 말해줘
1580,2022-08-15,81,없었던 일로
1581,2022-08-15,82,너를 생각해
1582,2022-08-15,83,Dynamite
1583,2022-08-15,84,Celebrity
1584,2022-08-15,85,"모든 날, 모든 순간 (Every day, Every Moment)"
1585,2022-08-15,86,Light Switch
1586,2022-08-15,87,Seoul
1587,2022-08-15,88,Out of Time
1588,2022-08-15,89,스티커 사진
1589,2022-08-15,90,Closer
1590,2022-08-15,91,라일락
1591,2022-08-15,92,사랑이란 건
1592,2022-08-15,93,마지막 너의 인사
1593,2022-08-15,94,너의 잠을 채워줄게
1594,2022-08-15,95,안하기가 쉽지 않아요
1595,2022-08-15,96,Drive
1596,2022-08-15,97,이러면 안 될 거 아는데 너 앞에만 서면 나락 (Feat. 10CM)
1597,2022-08-15,98,GO
1598,2022-08-15,99,어마어마해
1599,2022-08-15,100,해요 (2022)
1600,2022-08-16,1,Attention
1601,2022-08-16,2,Hype Boy
1602,2022-08-16,3,WHISPER
1603,2022-08-16,4,Cookie
1604,2022-08-16,5,FOREVER 1
1605,2022-08-16,6,Timeless
1606,2022-08-16,7,SNEAKERS
1607,2022-08-16,8,C.O.D.E
1608,2022-08-16,9,LOVE DIVE
1609,2022-08-16,10,그때 그 순간 그대로 (그그그)
1610,2022-08-16,11,Survive The Night
1611,2022-08-16,12,Bump & Love
1612,2022-08-16,13,무중력 (Levitating)
1613,2022-08-16,14,I Ain't Worried
1614,2022-08-16,15,보고싶었어
1615,2022-08-16,16,도깨비불 (Illusion)
1616,2022-08-16,17,그라데이션
1617,2022-08-16,18,Somebody!
1618,2022-08-16,19,TOMBOY
1619,2022-08-16,20,Hurt
1620,2022-08-16,21,POP!
1621,2022-08-16,22,Girls
1622,2022-08-16,23,FEARLESS
1623,2022-08-16,24,눈을 감으면
1624,2022-08-16,25,정이라고 하자 (Feat. 10CM)
1625,2022-08-16,26,Your Song
1626,2022-08-16,27,나의 X에게
1627,2022-08-16,28,BEAUTIFUL MONSTER
1628,2022-08-16,29,ELEVEN
1629,2022-08-16,30,사랑인가 봐
1630,2022-08-16,31,통화연결음
1631,2022-08-16,32,열이올라요 (Heart Burn)
1632,2022-08-16,33,I LOVE U
1633,2022-08-16,34,That That (prod. & feat. SUGA of BTS)
1634,2022-08-16,35,That's Hilarious
1635,2022-08-16,36,Sparkling
1636,2022-08-16,37,Love story
1637,2022-08-16,38,Left and Right (Feat. Jung Kook of BTS)
1638,2022-08-16,39,괴짜 (Freak)
1639,2022-08-16,40,사랑이야
1640,2022-08-16,41,LOVE me
1641,2022-08-16,42,Dangerously
1642,2022-08-16,43,Feel My Rhythm
1643,2022-08-16,44,봄여름가을겨울 (Still Life)
1644,2022-08-16,45,팡파레
1645,2022-08-16,46,상상 (Beyond My Dreams)
1646,2022-08-16,47,내가 아니라도
1647,2022-08-16,48,가만히 널 바라보면
1648,2022-08-16,49,다정히 내 이름을 부르면
1649,2022-08-16,50,Runaway
1650,2022-08-16,51,Lucky Like That
1651,2022-08-16,52,Bad Decisions
1652,2022-08-16,53,STAY
1653,2022-08-16,54,비 내리던 그날처럼 (Feat. 윤명)
1654,2022-08-16,55,MY BAG
1655,2022-08-16,56,바보에게 바보가 (웹툰 '연애의 발견' X 이석훈)
1656,2022-08-16,57,Next Level
1657,2022-08-16,58,내 기쁨은 너가 벤틀리를 끄는 거야
1658,2022-08-16,59,SMILEY (Feat. BIBI)
1659,2022-08-16,60,신호등
1660,2022-08-16,61,너의 모든 순간
1661,2022-08-16,62,Stay This Way
1662,2022-08-16,63,INVU
1663,2022-08-16,64,Clink Clink (클링 클링)
1664,2022-08-16,65,드라마
1665,2022-08-16,66,취중고백
1666,2022-08-16,67,늦은 밤 헤어지긴 너무 아쉬워
1667,2022-08-16,68,Weekend
1668,2022-08-16,69,SMARTPHONE
1669,2022-08-16,70,GANADARA (Feat. 아이유)
1670,2022-08-16,71,_WORLD
1671,2022-08-16,72,아무래도 난
1672,2022-08-16,73,새벽에 걸려온 너의 전화는
1673,2022-08-16,74,My Song
1674,2022-08-16,75,사랑은 늘 도망가
1675,2022-08-16,76,HOT
1676,2022-08-16,77,strawberry moon
1677,2022-08-16,78,GUCCI
1678,2022-08-16,79,Off My Face
1679,2022-08-16,80,듣고 싶을까
1680,2022-08-16,81,Traveler
1681,2022-08-16,82,봄 to 러브
1682,2022-08-16,83,사랑한다고 말해줘
1683,2022-08-16,84,Life′s Too Short (English Ver.)
1684,2022-08-16,85,Celebrity
1685,2022-08-16,86,Dynamite
1686,2022-08-16,87,Seoul
1687,2022-08-16,88,없었던 일로
1688,2022-08-16,89,Yet To Come
1689,2022-08-16,90,Light Switch
1690,2022-08-16,91,반짝이는 그대여
1691,2022-08-16,92,"모든 날, 모든 순간 (Every day, Every Moment)"
1692,2022-08-16,93,너를 생각해
1693,2022-08-16,94,ON/OFF (Remastered ver.)
1694,2022-08-16,95,안하기가 쉽지 않아요
1695,2022-08-16,96,우리들의 블루스
1696,2022-08-16,97,Complete (널 만난 순간) (Remastered ver.)
1697,2022-08-16,98,이러면 안 될 거 아는데 너 앞에만 서면 나락 (Feat. 10CM)
1698,2022-08-16,99,Closer
1699,2022-08-16,100,마지막 너의 인사
1700,2022-08-17,1,Attention
1701,2022-08-17,2,Hype Boy
1702,2022-08-17,3,Cookie
1703,2022-08-17,4,FOREVER 1
1704,2022-08-17,5,WHISPER
1705,2022-08-17,6,LOVE DIVE
1706,2022-08-17,7,SNEAKERS
1707,2022-08-17,8,Timeless
1708,2022-08-17,9,그때 그 순간 그대로 (그그그)
1709,2022-08-17,10,보고싶었어
1710,2022-08-17,11,도깨비불 (Illusion)
1711,2022-08-17,12,I Ain't Worried
1712,2022-08-17,13,C.O.D.E
1713,2022-08-17,14,그라데이션
1714,2022-08-17,15,Survive The Night
1715,2022-08-17,16,Hurt
1716,2022-08-17,17,POP!
1717,2022-08-17,18,TOMBOY
1718,2022-08-17,19,Bump & Love
1719,2022-08-17,20,무중력 (Levitating)
1720,2022-08-17,21,Somebody!
1721,2022-08-17,22,ELEVEN
1722,2022-08-17,23,FEARLESS
1723,2022-08-17,24,Girls
1724,2022-08-17,25,나의 X에게
1725,2022-08-17,26,정이라고 하자 (Feat. 10CM)
1726,2022-08-17,27,눈을 감으면
1727,2022-08-17,28,사랑인가 봐
1728,2022-08-17,29,That That (prod. & feat. SUGA of BTS)
1729,2022-08-17,30,That's Hilarious
1730,2022-08-17,31,I LOVE U
1731,2022-08-17,32,Dangerously
1732,2022-08-17,33,Sparkling
1733,2022-08-17,34,열이올라요 (Heart Burn)
1734,2022-08-17,35,BEAUTIFUL MONSTER
1735,2022-08-17,36,Love story
1736,2022-08-17,37,Left and Right (Feat. Jung Kook of BTS)
1737,2022-08-17,38,사랑이야
1738,2022-08-17,39,상상 (Beyond My Dreams)
1739,2022-08-17,40,통화연결음
1740,2022-08-17,41,Feel My Rhythm
1741,2022-08-17,42,바보에게 바보가 (웹툰 '연애의 발견' X 이석훈)
1742,2022-08-17,43,괴짜 (Freak)
1743,2022-08-17,44,Doctor
1744,2022-08-17,45,LOVE me
1745,2022-08-17,46,Lucky Like That
1746,2022-08-17,47,팡파레
1747,2022-08-17,48,내 기쁨은 너가 벤틀리를 끄는 거야
1748,2022-08-17,49,신호등
1749,2022-08-17,50,SMARTPHONE
1750,2022-08-17,51,내가 아니라도
1751,2022-08-17,52,Bad Decisions
1752,2022-08-17,53,다정히 내 이름을 부르면
1753,2022-08-17,54,MY BAG
1754,2022-08-17,55,봄여름가을겨울 (Still Life)
1755,2022-08-17,56,Stay This Way
1756,2022-08-17,57,Next Level
1757,2022-08-17,58,SMILEY (Feat. BIBI)
1758,2022-08-17,59,INVU
1759,2022-08-17,60,Clink Clink (클링 클링)
1760,2022-08-17,61,너의 모든 순간
1761,2022-08-17,62,STAY
1762,2022-08-17,63,드라마
1763,2022-08-17,64,취중고백
1764,2022-08-17,65,Weekend
1765,2022-08-17,66,늦은 밤 헤어지긴 너무 아쉬워
1766,2022-08-17,67,strawberry moon
1767,2022-08-17,68,놀이
1768,2022-08-17,69,아무래도 난
1769,2022-08-17,70,새벽에 걸려온 너의 전화는
1770,2022-08-17,71,가만히 널 바라보면
1771,2022-08-17,72,GANADARA (Feat. 아이유)
1772,2022-08-17,73,사랑은 늘 도망가
1773,2022-08-17,74,_WORLD
1774,2022-08-17,75,봄 to 러브
1775,2022-08-17,76,HOT
1776,2022-08-17,77,듣고 싶을까
1777,2022-08-17,78,사랑한다고 말해줘
1778,2022-08-17,79,Off My Face
1779,2022-08-17,80,Yet To Come
1780,2022-08-17,81,없었던 일로
1781,2022-08-17,82,Seoul
1782,2022-08-17,83,Light Switch
1783,2022-08-17,84,"모든 날, 모든 순간 (Every day, Every Moment)"
1784,2022-08-17,85,Life′s Too Short (English Ver.)
1785,2022-08-17,86,이러면 안 될 거 아는데 너 앞에만 서면 나락 (Feat. 10CM)
1786,2022-08-17,87,비 내리던 그날처럼 (Feat. 윤명)
1787,2022-08-17,88,안하기가 쉽지 않아요
1788,2022-08-17,89,Celebrity
1789,2022-08-17,90,Dynamite
1790,2022-08-17,91,마지막 너의 인사
1791,2022-08-17,92,너의 잠을 채워줄게
1792,2022-08-17,93,너를 생각해
1793,2022-08-17,94,우리들의 블루스
1794,2022-08-17,95,Closer
1795,2022-08-17,96,반짝이는 그대여
1796,2022-08-17,97,러브 쉿!
1797,2022-08-17,98,Out of Time
1798,2022-08-17,99,라일락
1799,2022-08-17,100,Your Song
1800,2022-08-18,1,Attention
1801,2022-08-18,2,Hype Boy
1802,2022-08-18,3,FOREVER 1
1803,2022-08-18,4,잠수이별 (Prod. 코드 쿤스트)
1804,2022-08-18,5,Cookie
1805,2022-08-18,6,LOVE DIVE
1806,2022-08-18,7,SNEAKERS
1807,2022-08-18,8,그때 그 순간 그대로 (그그그)
1808,2022-08-18,9,"난, 너를"
1809,2022-08-18,10,도깨비불 (Illusion)
1810,2022-08-18,11,I Ain't Worried
1811,2022-08-18,12,보고싶었어
1812,2022-08-18,13,그라데이션
1813,2022-08-18,14,POP!
1814,2022-08-18,15,Somebody!
1815,2022-08-18,16,Hurt
1816,2022-08-18,17,TOMBOY
1817,2022-08-18,18,FEARLESS
1818,2022-08-18,19,Girls
1819,2022-08-18,20,정이라고 하자 (Feat. 10CM)
1820,2022-08-18,21,나의 X에게
1821,2022-08-18,22,ELEVEN
1822,2022-08-18,23,Forever Only
1823,2022-08-18,24,상상 (Beyond My Dreams)
1824,2022-08-18,25,열이올라요 (Heart Burn)
1825,2022-08-18,26,통화연결음
1826,2022-08-18,27,WHISPER
1827,2022-08-18,28,That's Hilarious
1828,2022-08-18,29,사랑인가 봐
1829,2022-08-18,30,BEAUTIFUL MONSTER
1830,2022-08-18,31,Love story
1831,2022-08-18,32,That That (prod. & feat. SUGA of BTS)
1832,2022-08-18,33,I LOVE U
1833,2022-08-18,34,괴짜 (Freak)
1834,2022-08-18,35,Dangerously
1835,2022-08-18,36,눈을 감으면
1836,2022-08-18,37,Sparkling
1837,2022-08-18,38,Bad Decisions
1838,2022-08-18,39,Left and Right (Feat. Jung Kook of BTS)
1839,2022-08-18,40,사랑이야
1840,2022-08-18,41,내 기쁨은 너가 벤틀리를 끄는 거야
1841,2022-08-18,42,Feel My Rhythm
1842,2022-08-18,43,LOVE me
1843,2022-08-18,44,MY BAG
1844,2022-08-18,45,다정히 내 이름을 부르면
1845,2022-08-18,46,팡파레
1846,2022-08-18,47,Stay This Way
1847,2022-08-18,48,Bite
1848,2022-08-18,49,취중고백
1849,2022-08-18,50,너의 모든 순간
1850,2022-08-18,51,신호등
1851,2022-08-18,52,내가 아니라도
1852,2022-08-18,53,STAY
1853,2022-08-18,54,Lucky Like That
1854,2022-08-18,55,strawberry moon
1855,2022-08-18,56,INVU
1856,2022-08-18,57,바보에게 바보가 (웹툰 '연애의 발견' X 이석훈)
1857,2022-08-18,58,봄여름가을겨울 (Still Life)
1858,2022-08-18,59,SMARTPHONE
1859,2022-08-18,60,Timeless
1860,2022-08-18,61,드라마
1861,2022-08-18,62,사랑한다고 말해줘
1862,2022-08-18,63,Next Level
1863,2022-08-18,64,SMILEY (Feat. BIBI)
1864,2022-08-18,65,늦은 밤 헤어지긴 너무 아쉬워
1865,2022-08-18,66,Weekend
1866,2022-08-18,67,사랑은 늘 도망가
1867,2022-08-18,68,새벽에 걸려온 너의 전화는
1868,2022-08-18,69,안하기가 쉽지 않아요
1869,2022-08-18,70,Clink Clink (클링 클링)
1870,2022-08-18,71,듣고 싶을까
1871,2022-08-18,72,아무래도 난
1872,2022-08-18,73,GANADARA (Feat. 아이유)
1873,2022-08-18,74,_WORLD
1874,2022-08-18,75,Celebrity
1875,2022-08-18,76,Light Switch
1876,2022-08-18,77,Off My Face
1877,2022-08-18,78,봄 to 러브
1878,2022-08-18,79,C.O.D.E
1879,2022-08-18,80,HOT
1880,2022-08-18,81,제주도의 푸른밤
1881,2022-08-18,82,Survive The Night
1882,2022-08-18,83,Doctor
1883,2022-08-18,84,Bump & Love
1884,2022-08-18,85,Yet To Come
1885,2022-08-18,86,라일락
1886,2022-08-18,87,마지막 너의 인사
1887,2022-08-18,88,Life′s Too Short (English Ver.)
1888,2022-08-18,89,너를 생각해
1889,2022-08-18,90,Dynamite
1890,2022-08-18,91,"모든 날, 모든 순간 (Every day, Every Moment)"
1891,2022-08-18,92,Seoul
1892,2022-08-18,93,없었던 일로
1893,2022-08-18,94,가만히 널 바라보면
1894,2022-08-18,95,밤하늘의 별을(2020)
1895,2022-08-18,96,무중력 (Levitating)
1896,2022-08-18,97,우리들의 블루스
1897,2022-08-18,98,이러면 안 될 거 아는데 너 앞에만 서면 나락 (Feat. 10CM)
1898,2022-08-18,99,해요 (2022)
1899,2022-08-18,100,Out of Time
1900,2022-08-19,1,Pink Venom
1901,2022-08-19,2,Attention
1902,2022-08-19,3,Hype Boy
1903,2022-08-19,4,FOREVER 1
1904,2022-08-19,5,Cookie
1905,2022-08-19,6,잠수이별 (Prod. 코드 쿤스트)
1906,2022-08-19,7,SNEAKERS
1907,2022-08-19,8,LOVE DIVE
1908,2022-08-19,9,그때 그 순간 그대로 (그그그)
1909,2022-08-19,10,I Ain't Worried
1910,2022-08-19,11,보고싶었어
1911,2022-08-19,12,WHISPER
1912,2022-08-19,13,도깨비불 (Illusion)
1913,2022-08-19,14,Hurt
1914,2022-08-19,15,Somebody!
1915,2022-08-19,16,POP!
1916,2022-08-19,17,TOMBOY
1917,2022-08-19,18,그라데이션
1918,2022-08-19,19,"난, 너를"
1919,2022-08-19,20,Girls
1920,2022-08-19,21,Timeless
1921,2022-08-19,22,FEARLESS
1922,2022-08-19,23,정이라고 하자 (Feat. 10CM)
1923,2022-08-19,24,눈을 감으면
1924,2022-08-19,25,나의 X에게
1925,2022-08-19,26,통화연결음
1926,2022-08-19,27,ELEVEN
1927,2022-08-19,28,괴짜 (Freak)
1928,2022-08-19,29,That's Hilarious
1929,2022-08-19,30,That That (prod. & feat. SUGA of BTS)
1930,2022-08-19,31,상상 (Beyond My Dreams)
1931,2022-08-19,32,사랑인가 봐
1932,2022-08-19,33,Dangerously
1933,2022-08-19,34,I LOVE U
1934,2022-08-19,35,열이올라요 (Heart Burn)
1935,2022-08-19,36,C.O.D.E
1936,2022-08-19,37,사랑이야
1937,2022-08-19,38,Sparkling
1938,2022-08-19,39,BEAUTIFUL MONSTER
1939,2022-08-19,40,무중력 (Levitating)
1940,2022-08-19,41,Left and Right (Feat. Jung Kook of BTS)
1941,2022-08-19,42,Bump & Love
1942,2022-08-19,43,Love story
1943,2022-08-19,44,Survive The Night
1944,2022-08-19,45,내 기쁨은 너가 벤틀리를 끄는 거야
1945,2022-08-19,46,LOVE me
1946,2022-08-19,47,Bad Decisions
1947,2022-08-19,48,사랑한다고 말해줘
1948,2022-08-19,49,내가 아니라도
1949,2022-08-19,50,MY BAG
1950,2022-08-19,51,Feel My Rhythm
1951,2022-08-19,52,Stay This Way
1952,2022-08-19,53,새벽에 걸려온 너의 전화는
1953,2022-08-19,54,봄여름가을겨울 (Still Life)
1954,2022-08-19,55,Bite
1955,2022-08-19,56,다정히 내 이름을 부르면
1956,2022-08-19,57,팡파레
1957,2022-08-19,58,신호등
1958,2022-08-19,59,바보에게 바보가 (웹툰 '연애의 발견' X 이석훈)
1959,2022-08-19,60,Lucky Like That
1960,2022-08-19,61,STAY
1961,2022-08-19,62,SMARTPHONE
1962,2022-08-19,63,Next Level
1963,2022-08-19,64,취중고백
1964,2022-08-19,65,INVU
1965,2022-08-19,66,너의 모든 순간
1966,2022-08-19,67,Weekend
1967,2022-08-19,68,사랑은 늘 도망가
1968,2022-08-19,69,strawberry moon
1969,2022-08-19,70,드라마
1970,2022-08-19,71,SMILEY (Feat. BIBI)
1971,2022-08-19,72,HOT
1972,2022-08-19,73,늦은 밤 헤어지긴 너무 아쉬워
1973,2022-08-19,74,Clink Clink (클링 클링)
1974,2022-08-19,75,Forever Only
1975,2022-08-19,76,아무래도 난
1976,2022-08-19,77,_WORLD
1977,2022-08-19,78,Yet To Come
1978,2022-08-19,79,GANADARA (Feat. 아이유)
1979,2022-08-19,80,연애의 발명 (웹툰 '연애의 발견' X BIG Naughty (서동현))
1980,2022-08-19,81,Life′s Too Short (English Ver.)
1981,2022-08-19,82,Light Switch
1982,2022-08-19,83,듣고 싶을까
1983,2022-08-19,84,Off My Face
1984,2022-08-19,85,너를 생각해
1985,2022-08-19,86,"모든 날, 모든 순간 (Every day, Every Moment)"
1986,2022-08-19,87,봄 to 러브
1987,2022-08-19,88,없었던 일로
1988,2022-08-19,89,Celebrity
1989,2022-08-19,90,우리들의 블루스
1990,2022-08-19,91,안하기가 쉽지 않아요
1991,2022-08-19,92,Dynamite
1992,2022-08-19,93,Seoul
1993,2022-08-19,94,스티커 사진
1994,2022-08-19,95,너의 잠을 채워줄게
1995,2022-08-19,96,제주도의 푸른밤
1996,2022-08-19,97,이러면 안 될 거 아는데 너 앞에만 서면 나락 (Feat. 10CM)
1997,2022-08-19,98,라일락
1998,2022-08-19,99,마지막 너의 인사
1999,2022-08-19,100,Closer
